id,verb,noun,action
0,0,0,take tap
1,0,1,take spoon
2,0,10,take glass
3,0,100,take wrap:plastic
4,0,101,take broccoli
5,0,102,take sugar
6,0,103,take brush
7,0,104,take biscuit
8,0,105,take lemon
9,0,106,take juicer
10,0,107,take wrap
11,0,108,take scale
12,0,109,take rest
13,0,11,take hand
14,0,110,take rack:drying
15,0,111,take alarm
16,0,112,take salmon
17,0,113,take freezer
18,0,115,take spreads
19,0,116,take squash
20,0,117,take leek
21,0,118,take cap
22,0,119,take fish
23,0,12,take fridge
24,0,120,take lettuce
25,0,121,take curry
26,0,122,take seed
27,0,123,take foil
28,0,125,take corn
29,0,126,take soup
30,0,127,take oatmeal
31,0,128,take onion:spring
32,0,129,take clip
33,0,13,take cup
34,0,130,take lighter
35,0,131,take ginger
36,0,132,take tea
37,0,133,take nut
38,0,134,take vinegar
39,0,135,take holder
40,0,136,take pin:rolling
41,0,137,take pie
42,0,138,take powder
43,0,139,take burger
44,0,14,take fork
45,0,140,take book
46,0,141,take shell:egg
47,0,142,take tongs
48,0,143,take cream
49,0,144,take pork
50,0,145,take oregano
51,0,146,take banana
52,0,147,take processor:food
53,0,148,take paste
54,0,149,take recipe
55,0,15,take bottle
56,0,150,take liquid
57,0,151,take choi:pak
58,0,152,take cooker:slow
59,0,153,take plug
60,0,154,take utensil
61,0,155,take noodle
62,0,156,take salami
63,0,157,take kitchen
64,0,158,take teapot
65,0,159,take floor
66,0,16,take onion
67,0,160,take tuna
68,0,161,take lime
69,0,162,take omelette
70,0,163,take bacon
71,0,164,take sandwich
72,0,165,take phone
73,0,166,take thermometer
74,0,167,take orange
75,0,168,take basket
76,0,169,take parsley
77,0,17,take cloth
78,0,170,take spinner:salad
79,0,171,take tablet
80,0,172,take presser
81,0,173,take coriander
82,0,174,take opener:bottle
83,0,175,take cake
84,0,176,take avocado
85,0,177,take lentil
86,0,178,take blueberry
87,0,18,take board:chopping
88,0,180,take cellar:salt
89,0,181,take hummus
90,0,182,take chair
91,0,183,take juice
92,0,184,take pancake
93,0,185,take bean:green
94,0,186,take toaster
95,0,187,take apple
96,0,188,take chocolate
97,0,189,take ice
98,0,19,take bag
99,0,192,take wine
100,0,193,take pea
101,0,195,take yeast
102,0,196,take coconut
103,0,197,take fishcakes
104,0,198,take spinach
105,0,199,take apron
106,0,2,take plate
107,0,20,take spatula
108,0,200,take raisin
109,0,201,take basil
110,0,202,take grape
111,0,203,take kale
112,0,204,take wire
113,0,205,take asparagus
114,0,206,take paprika
115,0,207,take mango
116,0,208,take caper
117,0,209,take drink
118,0,21,take container
119,0,210,take stalk
120,0,211,take turmeric
121,0,212,take whetstone
122,0,213,take kiwi
123,0,215,take thyme
124,0,216,take finger:lady
125,0,217,take beef
126,0,218,take whisk
127,0,219,take blackberry
128,0,22,take liquid:washing
129,0,220,take slicer
130,0,221,take control:remote
131,0,223,take celery
132,0,224,take cabbage
133,0,225,take hoover
134,0,226,take breadstick
135,0,227,take roll
136,0,228,take cocktail
137,0,229,take crisp
138,0,23,take box
139,0,230,take ladder
140,0,231,take beer
141,0,232,take pan:dust
142,0,233,take battery
143,0,234,take powder:washing
144,0,235,take backpack
145,0,236,take cumin
146,0,237,take cutter:pizza
147,0,239,take pear
148,0,24,take hob
149,0,240,take quorn
150,0,241,take funnel
151,0,243,take strawberry
152,0,244,take almond
153,0,245,take tv
154,0,246,take scotch:egg
155,0,248,take straw
156,0,249,take stand
157,0,25,take dough
158,0,250,take machine:sous:vide
159,0,251,take masher
160,0,252,take guard:hand
161,0,253,take shrimp
162,0,254,take fruit
163,0,256,take cork
164,0,257,take cherry
165,0,259,take mat:sushi
166,0,26,take package
167,0,261,take ring:onion
168,0,262,take pestle
169,0,264,take gin
170,0,265,take bar
171,0,266,take mint
172,0,268,take grass:lemon
173,0,269,take rubber
174,0,27,take water
175,0,271,take breadcrumb
176,0,272,take watch
177,0,273,take melon
178,0,277,take rosemary
179,0,279,take syrup
180,0,28,take meat
181,0,280,take candle
182,0,281,take pineapple
183,0,282,take sheets
184,0,283,take soda
185,0,284,take raspberry
186,0,287,take turkey
187,0,29,take pot
188,0,293,take plum
189,0,298,take cd
190,0,3,take cupboard
191,0,30,take potato
192,0,31,take oil
193,0,32,take cheese
194,0,33,take bread
195,0,34,take food
196,0,35,take tray
197,0,36,take bin
198,0,37,take pepper
199,0,38,take salt
200,0,39,take colander
201,0,4,take knife
202,0,40,take jar
203,0,41,take carrot
204,0,42,take top
205,0,43,take tomato
206,0,44,take kettle
207,0,45,take pasta
208,0,46,take oven
209,0,47,take sauce
210,0,48,take skin
211,0,49,take paper
212,0,5,take pan
213,0,50,take maker:coffee
214,0,51,take garlic
215,0,52,take towel
216,0,53,take egg
217,0,54,take rubbish
218,0,55,take rice
219,0,56,take mushroom
220,0,57,take chicken
221,0,58,take cutlery
222,0,59,take coffee
223,0,6,take lid
224,0,60,take glove
225,0,61,take can
226,0,62,take leaf
227,0,63,take sink
228,0,64,take milk
229,0,66,take jug
230,0,67,take aubergine
231,0,68,take salad
232,0,69,take chilli
233,0,7,take bowl
234,0,70,take dishwasher
235,0,71,take mixture
236,0,72,take cucumber
237,0,73,take clothes
238,0,74,take peach
239,0,75,take flour
240,0,76,take courgette
241,0,77,take filter
242,0,78,take butter
243,0,79,take scissors
244,0,8,take drawer
245,0,80,take chopstick
246,0,81,take tofu
247,0,82,take blender
248,0,83,take olive
249,0,84,take mat
250,0,85,take spice
251,0,86,take sausage
252,0,87,take peeler:potato
253,0,88,take napkin
254,0,89,take cover
255,0,9,take sponge
256,0,91,take pizza
257,0,93,take towel:kitchen
258,0,94,take vegetable
259,0,95,take stock
260,0,96,take grater
261,0,97,take ladle
262,0,98,take yoghurt
263,0,99,take cereal
264,10,1,mix spoon
265,10,101,mix broccoli
266,10,102,mix sugar
267,10,104,mix biscuit
268,10,112,mix salmon
269,10,115,mix spreads
270,10,116,mix squash
271,10,117,mix leek
272,10,119,mix fish
273,10,12,mix fridge
274,10,120,mix lettuce
275,10,121,mix curry
276,10,125,mix corn
277,10,126,mix soup
278,10,127,mix oatmeal
279,10,128,mix onion:spring
280,10,13,mix cup
281,10,131,mix ginger
282,10,132,mix tea
283,10,133,mix nut
284,10,138,mix powder
285,10,143,mix cream
286,10,148,mix paste
287,10,150,mix liquid
288,10,152,mix cooker:slow
289,10,155,mix noodle
290,10,16,mix onion
291,10,160,mix tuna
292,10,162,mix omelette
293,10,163,mix bacon
294,10,173,mix coriander
295,10,178,mix blueberry
296,10,183,mix juice
297,10,193,mix pea
298,10,196,mix coconut
299,10,198,mix spinach
300,10,20,mix spatula
301,10,203,mix kale
302,10,209,mix drink
303,10,215,mix thyme
304,10,217,mix beef
305,10,224,mix cabbage
306,10,240,mix quorn
307,10,25,mix dough
308,10,253,mix shrimp
309,10,257,mix cherry
310,10,258,mix sprout
311,10,27,mix water
312,10,271,mix breadcrumb
313,10,274,mix cinnamon
314,10,276,mix dumpling
315,10,28,mix meat
316,10,29,mix pot
317,10,30,mix potato
318,10,31,mix oil
319,10,32,mix cheese
320,10,33,mix bread
321,10,34,mix food
322,10,37,mix pepper
323,10,38,mix salt
324,10,4,mix knife
325,10,41,mix carrot
326,10,43,mix tomato
327,10,45,mix pasta
328,10,47,mix sauce
329,10,5,mix pan
330,10,50,mix maker:coffee
331,10,51,mix garlic
332,10,53,mix egg
333,10,55,mix rice
334,10,56,mix mushroom
335,10,57,mix chicken
336,10,59,mix coffee
337,10,62,mix leaf
338,10,64,mix milk
339,10,65,mix heat
340,10,67,mix aubergine
341,10,68,mix salad
342,10,69,mix chilli
343,10,7,mix bowl
344,10,71,mix mixture
345,10,72,mix cucumber
346,10,75,mix flour
347,10,76,mix courgette
348,10,78,mix butter
349,10,80,mix chopstick
350,10,81,mix tofu
351,10,85,mix spice
352,10,86,mix sausage
353,10,94,mix vegetable
354,10,95,mix stock
355,10,98,mix yoghurt
356,10,99,mix cereal
357,11,0,move tap
358,11,1,move spoon
359,11,10,move glass
360,11,100,move wrap:plastic
361,11,101,move broccoli
362,11,102,move sugar
363,11,103,move brush
364,11,104,move biscuit
365,11,105,move lemon
366,11,106,move juicer
367,11,107,move wrap
368,11,108,move scale
369,11,109,move rest
370,11,11,move hand
371,11,110,move rack:drying
372,11,119,move fish
373,11,12,move fridge
374,11,121,move curry
375,11,123,move foil
376,11,124,move machine:washing
377,11,125,move corn
378,11,129,move clip
379,11,13,move cup
380,11,134,move vinegar
381,11,135,move holder
382,11,136,move pin:rolling
383,11,137,move pie
384,11,14,move fork
385,11,140,move book
386,11,144,move pork
387,11,147,move processor:food
388,11,148,move paste
389,11,149,move recipe
390,11,15,move bottle
391,11,151,move choi:pak
392,11,152,move cooker:slow
393,11,153,move plug
394,11,154,move utensil
395,11,156,move salami
396,11,158,move teapot
397,11,159,move floor
398,11,16,move onion
399,11,160,move tuna
400,11,161,move lime
401,11,162,move omelette
402,11,164,move sandwich
403,11,166,move thermometer
404,11,168,move basket
405,11,17,move cloth
406,11,170,move spinner:salad
407,11,171,move tablet
408,11,172,move presser
409,11,174,move opener:bottle
410,11,178,move blueberry
411,11,18,move board:chopping
412,11,182,move chair
413,11,188,move chocolate
414,11,19,move bag
415,11,191,move handle
416,11,192,move wine
417,11,195,move yeast
418,11,2,move plate
419,11,20,move spatula
420,11,203,move kale
421,11,204,move wire
422,11,21,move container
423,11,22,move liquid:washing
424,11,220,move slicer
425,11,221,move control:remote
426,11,228,move cocktail
427,11,23,move box
428,11,233,move battery
429,11,24,move hob
430,11,241,move funnel
431,11,243,move strawberry
432,11,247,move shelf
433,11,249,move stand
434,11,25,move dough
435,11,253,move shrimp
436,11,257,move cherry
437,11,26,move package
438,11,265,move bar
439,11,27,move water
440,11,28,move meat
441,11,282,move sheets
442,11,285,move airer
443,11,288,move computer
444,11,29,move pot
445,11,291,move pen
446,11,298,move cd
447,11,3,move cupboard
448,11,30,move potato
449,11,31,move oil
450,11,32,move cheese
451,11,33,move bread
452,11,34,move food
453,11,35,move tray
454,11,36,move bin
455,11,37,move pepper
456,11,38,move salt
457,11,39,move colander
458,11,4,move knife
459,11,40,move jar
460,11,41,move carrot
461,11,42,move top
462,11,43,move tomato
463,11,44,move kettle
464,11,45,move pasta
465,11,46,move oven
466,11,47,move sauce
467,11,48,move skin
468,11,49,move paper
469,11,5,move pan
470,11,50,move maker:coffee
471,11,51,move garlic
472,11,52,move towel
473,11,53,move egg
474,11,54,move rubbish
475,11,55,move rice
476,11,56,move mushroom
477,11,57,move chicken
478,11,58,move cutlery
479,11,59,move coffee
480,11,6,move lid
481,11,60,move glove
482,11,61,move can
483,11,64,move milk
484,11,66,move jug
485,11,67,move aubergine
486,11,68,move salad
487,11,69,move chilli
488,11,7,move bowl
489,11,71,move mixture
490,11,72,move cucumber
491,11,73,move clothes
492,11,74,move peach
493,11,75,move flour
494,11,76,move courgette
495,11,77,move filter
496,11,78,move butter
497,11,79,move scissors
498,11,8,move drawer
499,11,80,move chopstick
500,11,81,move tofu
501,11,82,move blender
502,11,83,move olive
503,11,84,move mat
504,11,85,move spice
505,11,86,move sausage
506,11,87,move peeler:potato
507,11,88,move napkin
508,11,89,move cover
509,11,9,move sponge
510,11,91,move pizza
511,11,93,move towel:kitchen
512,11,94,move vegetable
513,11,95,move stock
514,11,96,move grater
515,11,97,move ladle
516,11,98,move yoghurt
517,11,99,move cereal
518,12,1,remove spoon
519,12,10,remove glass
520,12,100,remove wrap:plastic
521,12,101,remove broccoli
522,12,102,remove sugar
523,12,103,remove brush
524,12,104,remove biscuit
525,12,107,remove wrap
526,12,108,remove scale
527,12,109,remove rest
528,12,11,remove hand
529,12,112,remove salmon
530,12,114,remove light
531,12,115,remove spreads
532,12,117,remove leek
533,12,118,remove cap
534,12,119,remove fish
535,12,12,remove fridge
536,12,120,remove lettuce
537,12,122,remove seed
538,12,123,remove foil
539,12,124,remove machine:washing
540,12,125,remove corn
541,12,127,remove oatmeal
542,12,128,remove onion:spring
543,12,129,remove clip
544,12,13,remove cup
545,12,131,remove ginger
546,12,132,remove tea
547,12,135,remove holder
548,12,139,remove burger
549,12,141,remove shell:egg
550,12,143,remove cream
551,12,145,remove oregano
552,12,146,remove banana
553,12,147,remove processor:food
554,12,15,remove bottle
555,12,151,remove choi:pak
556,12,152,remove cooker:slow
557,12,153,remove plug
558,12,155,remove noodle
559,12,159,remove floor
560,12,16,remove onion
561,12,160,remove tuna
562,12,161,remove lime
563,12,165,remove phone
564,12,166,remove thermometer
565,12,168,remove basket
566,12,171,remove tablet
567,12,173,remove coriander
568,12,174,remove opener:bottle
569,12,176,remove avocado
570,12,178,remove blueberry
571,12,18,remove board:chopping
572,12,184,remove pancake
573,12,185,remove bean:green
574,12,186,remove toaster
575,12,187,remove apple
576,12,189,remove ice
577,12,19,remove bag
578,12,192,remove wine
579,12,194,remove pith
580,12,195,remove yeast
581,12,197,remove fishcakes
582,12,198,remove spinach
583,12,199,remove apron
584,12,2,remove plate
585,12,200,remove raisin
586,12,202,remove grape
587,12,203,remove kale
588,12,204,remove wire
589,12,206,remove paprika
590,12,21,remove container
591,12,210,remove stalk
592,12,212,remove whetstone
593,12,218,remove whisk
594,12,222,remove label
595,12,226,remove breadstick
596,12,228,remove cocktail
597,12,23,remove box
598,12,230,remove ladder
599,12,24,remove hob
600,12,247,remove shelf
601,12,248,remove straw
602,12,25,remove dough
603,12,255,remove artichoke
604,12,256,remove cork
605,12,257,remove cherry
606,12,258,remove sprout
607,12,26,remove package
608,12,260,remove stick:crab
609,12,269,remove rubber
610,12,27,remove water
611,12,272,remove watch
612,12,276,remove dumpling
613,12,28,remove meat
614,12,29,remove pot
615,12,3,remove cupboard
616,12,30,remove potato
617,12,31,remove oil
618,12,32,remove cheese
619,12,33,remove bread
620,12,34,remove food
621,12,35,remove tray
622,12,36,remove bin
623,12,37,remove pepper
624,12,38,remove salt
625,12,39,remove colander
626,12,4,remove knife
627,12,40,remove jar
628,12,41,remove carrot
629,12,42,remove top
630,12,43,remove tomato
631,12,44,remove kettle
632,12,45,remove pasta
633,12,47,remove sauce
634,12,48,remove skin
635,12,49,remove paper
636,12,5,remove pan
637,12,50,remove maker:coffee
638,12,51,remove garlic
639,12,52,remove towel
640,12,53,remove egg
641,12,54,remove rubbish
642,12,55,remove rice
643,12,57,remove chicken
644,12,59,remove coffee
645,12,6,remove lid
646,12,60,remove glove
647,12,61,remove can
648,12,62,remove leaf
649,12,64,remove milk
650,12,66,remove jug
651,12,67,remove aubergine
652,12,68,remove salad
653,12,69,remove chilli
654,12,7,remove bowl
655,12,70,remove dishwasher
656,12,71,remove mixture
657,12,72,remove cucumber
658,12,73,remove clothes
659,12,74,remove peach
660,12,75,remove flour
661,12,76,remove courgette
662,12,77,remove filter
663,12,78,remove butter
664,12,79,remove scissors
665,12,8,remove drawer
666,12,80,remove chopstick
667,12,81,remove tofu
668,12,82,remove blender
669,12,83,remove olive
670,12,84,remove mat
671,12,85,remove spice
672,12,86,remove sausage
673,12,89,remove cover
674,12,9,remove sponge
675,12,90,remove microwave
676,12,91,remove pizza
677,12,93,remove towel:kitchen
678,12,94,remove vegetable
679,12,95,remove stock
680,12,98,remove yoghurt
681,12,99,remove cereal
682,13,0,throw tap
683,13,1,throw spoon
684,13,10,throw glass
685,13,100,throw wrap:plastic
686,13,101,throw broccoli
687,13,102,throw sugar
688,13,104,throw biscuit
689,13,105,throw lemon
690,13,107,throw wrap
691,13,109,throw rest
692,13,116,throw squash
693,13,117,throw leek
694,13,118,throw cap
695,13,122,throw seed
696,13,123,throw foil
697,13,128,throw onion:spring
698,13,13,throw cup
699,13,132,throw tea
700,13,141,throw shell:egg
701,13,15,throw bottle
702,13,151,throw choi:pak
703,13,16,throw onion
704,13,17,throw cloth
705,13,173,throw coriander
706,13,184,throw pancake
707,13,185,throw bean:green
708,13,189,throw ice
709,13,19,throw bag
710,13,199,throw apron
711,13,2,throw plate
712,13,203,throw kale
713,13,21,throw container
714,13,228,throw cocktail
715,13,23,throw box
716,13,232,throw pan:dust
717,13,235,throw backpack
718,13,239,throw pear
719,13,256,throw cork
720,13,26,throw package
721,13,269,throw rubber
722,13,27,throw water
723,13,28,throw meat
724,13,29,throw pot
725,13,30,throw potato
726,13,31,throw oil
727,13,32,throw cheese
728,13,33,throw bread
729,13,34,throw food
730,13,36,throw bin
731,13,37,throw pepper
732,13,39,throw colander
733,13,40,throw jar
734,13,41,throw carrot
735,13,42,throw top
736,13,43,throw tomato
737,13,44,throw kettle
738,13,45,throw pasta
739,13,48,throw skin
740,13,49,throw paper
741,13,5,throw pan
742,13,51,throw garlic
743,13,52,throw towel
744,13,53,throw egg
745,13,54,throw rubbish
746,13,55,throw rice
747,13,57,throw chicken
748,13,59,throw coffee
749,13,6,throw lid
750,13,60,throw glove
751,13,61,throw can
752,13,62,throw leaf
753,13,63,throw sink
754,13,67,throw aubergine
755,13,68,throw salad
756,13,69,throw chilli
757,13,7,throw bowl
758,13,72,throw cucumber
759,13,74,throw peach
760,13,75,throw flour
761,13,76,throw courgette
762,13,77,throw filter
763,13,78,throw butter
764,13,86,throw sausage
765,13,88,throw napkin
766,13,89,throw cover
767,13,9,throw sponge
768,13,93,throw towel:kitchen
769,13,95,throw stock
770,13,96,throw grater
771,14,1,dry spoon
772,14,10,dry glass
773,14,106,dry juicer
774,14,109,dry rest
775,14,11,dry hand
776,14,110,dry rack:drying
777,14,117,dry leek
778,14,129,dry clip
779,14,13,dry cup
780,14,135,dry holder
781,14,14,dry fork
782,14,140,dry book
783,14,154,dry utensil
784,14,156,dry salami
785,14,157,dry kitchen
786,14,158,dry teapot
787,14,159,dry floor
788,14,161,dry lime
789,14,166,dry thermometer
790,14,17,dry cloth
791,14,170,dry spinner:salad
792,14,18,dry board:chopping
793,14,187,dry apple
794,14,2,dry plate
795,14,20,dry spatula
796,14,21,dry container
797,14,228,dry cocktail
798,14,23,dry box
799,14,24,dry hob
800,14,249,dry stand
801,14,252,dry guard:hand
802,14,29,dry pot
803,14,34,dry food
804,14,35,dry tray
805,14,39,dry colander
806,14,4,dry knife
807,14,40,dry jar
808,14,42,dry top
809,14,43,dry tomato
810,14,5,dry pan
811,14,50,dry maker:coffee
812,14,58,dry cutlery
813,14,6,dry lid
814,14,60,dry glove
815,14,63,dry sink
816,14,66,dry jug
817,14,7,dry bowl
818,14,72,dry cucumber
819,14,74,dry peach
820,14,77,dry filter
821,14,79,dry scissors
822,14,82,dry blender
823,14,87,dry peeler:potato
824,14,9,dry sponge
825,14,97,dry ladle
826,15,1,shake spoon
827,15,10,shake glass
828,15,103,shake brush
829,15,109,shake rest
830,15,11,shake hand
831,15,110,shake rack:drying
832,15,112,shake salmon
833,15,117,shake leek
834,15,119,shake fish
835,15,125,shake corn
836,15,127,shake oatmeal
837,15,13,shake cup
838,15,14,shake fork
839,15,15,shake bottle
840,15,150,shake liquid
841,15,16,shake onion
842,15,166,shake thermometer
843,15,17,shake cloth
844,15,170,shake spinner:salad
845,15,173,shake coriander
846,15,174,shake opener:bottle
847,15,18,shake board:chopping
848,15,183,shake juice
849,15,187,shake apple
850,15,19,shake bag
851,15,2,shake plate
852,15,20,shake spatula
853,15,208,shake caper
854,15,209,shake drink
855,15,21,shake container
856,15,212,shake whetstone
857,15,219,shake blackberry
858,15,22,shake liquid:washing
859,15,220,shake slicer
860,15,23,shake box
861,15,238,shake air
862,15,24,shake hob
863,15,248,shake straw
864,15,249,shake stand
865,15,25,shake dough
866,15,253,shake shrimp
867,15,26,shake package
868,15,27,shake water
869,15,29,shake pot
870,15,30,shake potato
871,15,32,shake cheese
872,15,34,shake food
873,15,35,shake tray
874,15,37,shake pepper
875,15,38,shake salt
876,15,39,shake colander
877,15,4,shake knife
878,15,40,shake jar
879,15,43,shake tomato
880,15,45,shake pasta
881,15,47,shake sauce
882,15,5,shake pan
883,15,50,shake maker:coffee
884,15,52,shake towel
885,15,53,shake egg
886,15,54,shake rubbish
887,15,55,shake rice
888,15,57,shake chicken
889,15,58,shake cutlery
890,15,59,shake coffee
891,15,6,shake lid
892,15,60,shake glove
893,15,61,shake can
894,15,64,shake milk
895,15,66,shake jug
896,15,68,shake salad
897,15,7,shake bowl
898,15,72,shake cucumber
899,15,74,shake peach
900,15,76,shake courgette
901,15,77,shake filter
902,15,79,shake scissors
903,15,80,shake chopstick
904,15,82,shake blender
905,15,84,shake mat
906,15,87,shake peeler:potato
907,15,89,shake cover
908,15,94,shake vegetable
909,15,96,shake grater
910,16,1,scoop spoon
911,16,102,scoop sugar
912,16,104,scoop biscuit
913,16,105,scoop lemon
914,16,112,scoop salmon
915,16,115,scoop spreads
916,16,116,scoop squash
917,16,125,scoop corn
918,16,126,scoop soup
919,16,127,scoop oatmeal
920,16,132,scoop tea
921,16,133,scoop nut
922,16,138,scoop powder
923,16,139,scoop burger
924,16,141,scoop shell:egg
925,16,143,scoop cream
926,16,144,scoop pork
927,16,145,scoop oregano
928,16,148,scoop paste
929,16,150,scoop liquid
930,16,16,scoop onion
931,16,173,scoop coriander
932,16,176,scoop avocado
933,16,178,scoop blueberry
934,16,195,scoop yeast
935,16,21,scoop container
936,16,213,scoop kiwi
937,16,215,scoop thyme
938,16,234,scoop powder:washing
939,16,244,scoop almond
940,16,25,scoop dough
941,16,27,scoop water
942,16,274,scoop cinnamon
943,16,28,scoop meat
944,16,30,scoop potato
945,16,31,scoop oil
946,16,32,scoop cheese
947,16,34,scoop food
948,16,37,scoop pepper
949,16,38,scoop salt
950,16,41,scoop carrot
951,16,43,scoop tomato
952,16,45,scoop pasta
953,16,47,scoop sauce
954,16,5,scoop pan
955,16,51,scoop garlic
956,16,53,scoop egg
957,16,54,scoop rubbish
958,16,55,scoop rice
959,16,57,scoop chicken
960,16,59,scoop coffee
961,16,62,scoop leaf
962,16,64,scoop milk
963,16,69,scoop chilli
964,16,71,scoop mixture
965,16,72,scoop cucumber
966,16,75,scoop flour
967,16,78,scoop butter
968,16,81,scoop tofu
969,16,85,scoop spice
970,16,94,scoop vegetable
971,16,95,scoop stock
972,16,98,scoop yoghurt
973,17,0,adjust tap
974,17,101,adjust broccoli
975,17,108,adjust scale
976,17,111,adjust alarm
977,17,112,adjust salmon
978,17,114,adjust light
979,17,117,adjust leek
980,17,123,adjust foil
981,17,124,adjust machine:washing
982,17,13,adjust cup
983,17,14,adjust fork
984,17,140,adjust book
985,17,144,adjust pork
986,17,15,adjust bottle
987,17,152,adjust cooker:slow
988,17,164,adjust sandwich
989,17,165,adjust phone
990,17,166,adjust thermometer
991,17,179,adjust fan:extractor
992,17,18,adjust board:chopping
993,17,182,adjust chair
994,17,183,adjust juice
995,17,19,adjust bag
996,17,190,adjust knob
997,17,191,adjust handle
998,17,197,adjust fishcakes
999,17,2,adjust plate
1000,17,21,adjust container
1001,17,23,adjust box
1002,17,24,adjust hob
1003,17,245,adjust tv
1004,17,248,adjust straw
1005,17,26,adjust package
1006,17,27,adjust water
1007,17,28,adjust meat
1008,17,29,adjust pot
1009,17,297,adjust camera
1010,17,30,adjust potato
1011,17,33,adjust bread
1012,17,35,adjust tray
1013,17,39,adjust colander
1014,17,4,adjust knife
1015,17,42,adjust top
1016,17,46,adjust oven
1017,17,49,adjust paper
1018,17,5,adjust pan
1019,17,50,adjust maker:coffee
1020,17,52,adjust towel
1021,17,55,adjust rice
1022,17,59,adjust coffee
1023,17,6,adjust lid
1024,17,60,adjust glove
1025,17,62,adjust leaf
1026,17,65,adjust heat
1027,17,67,adjust aubergine
1028,17,7,adjust bowl
1029,17,73,adjust clothes
1030,17,80,adjust chopstick
1031,17,81,adjust tofu
1032,17,82,adjust blender
1033,17,84,adjust mat
1034,17,97,adjust ladle
1035,18,1,squeeze spoon
1036,18,100,squeeze wrap:plastic
1037,18,105,squeeze lemon
1038,18,107,squeeze wrap
1039,18,11,squeeze hand
1040,18,115,squeeze spreads
1041,18,120,squeeze lettuce
1042,18,121,squeeze curry
1043,18,139,squeeze burger
1044,18,143,squeeze cream
1045,18,148,squeeze paste
1046,18,15,squeeze bottle
1047,18,150,squeeze liquid
1048,18,160,squeeze tuna
1049,18,161,squeeze lime
1050,18,167,squeeze orange
1051,18,17,squeeze cloth
1052,18,172,squeeze presser
1053,18,183,squeeze juice
1054,18,19,squeeze bag
1055,18,208,squeeze caper
1056,18,22,squeeze liquid:washing
1057,18,23,squeeze box
1058,18,238,squeeze air
1059,18,25,squeeze dough
1060,18,259,squeeze mat:sushi
1061,18,26,squeeze package
1062,18,27,squeeze water
1063,18,32,squeeze cheese
1064,18,33,squeeze bread
1065,18,37,squeeze pepper
1066,18,38,squeeze salt
1067,18,43,squeeze tomato
1068,18,45,squeeze pasta
1069,18,47,squeeze sauce
1070,18,49,squeeze paper
1071,18,50,squeeze maker:coffee
1072,18,51,squeeze garlic
1073,18,52,squeeze towel
1074,18,55,squeeze rice
1075,18,61,squeeze can
1076,18,71,squeeze mixture
1077,18,78,squeeze butter
1078,18,86,squeeze sausage
1079,18,88,squeeze napkin
1080,18,9,squeeze sponge
1081,18,93,squeeze towel:kitchen
1082,19,100,peel wrap:plastic
1083,19,112,peel salmon
1084,19,116,peel squash
1085,19,119,peel fish
1086,19,123,peel foil
1087,19,128,peel onion:spring
1088,19,131,peel ginger
1089,19,146,peel banana
1090,19,16,peel onion
1091,19,176,peel avocado
1092,19,222,peel label
1093,19,224,peel cabbage
1094,19,25,peel dough
1095,19,26,peel package
1096,19,268,peel grass:lemon
1097,19,273,peel melon
1098,19,30,peel potato
1099,19,32,peel cheese
1100,19,41,peel carrot
1101,19,48,peel skin
1102,19,49,peel paper
1103,19,51,peel garlic
1104,19,55,peel rice
1105,19,6,peel lid
1106,19,61,peel can
1107,19,62,peel leaf
1108,19,74,peel peach
1109,19,76,peel courgette
1110,19,86,peel sausage
1111,1,0,put tap
1112,1,1,put spoon
1113,1,10,put glass
1114,1,100,put wrap:plastic
1115,1,101,put broccoli
1116,1,102,put sugar
1117,1,103,put brush
1118,1,104,put biscuit
1119,1,105,put lemon
1120,1,106,put juicer
1121,1,107,put wrap
1122,1,108,put scale
1123,1,109,put rest
1124,1,110,put rack:drying
1125,1,111,put alarm
1126,1,112,put salmon
1127,1,113,put freezer
1128,1,114,put light
1129,1,115,put spreads
1130,1,116,put squash
1131,1,117,put leek
1132,1,118,put cap
1133,1,119,put fish
1134,1,12,put fridge
1135,1,120,put lettuce
1136,1,121,put curry
1137,1,122,put seed
1138,1,123,put foil
1139,1,124,put machine:washing
1140,1,125,put corn
1141,1,126,put soup
1142,1,127,put oatmeal
1143,1,128,put onion:spring
1144,1,129,put clip
1145,1,13,put cup
1146,1,130,put lighter
1147,1,131,put ginger
1148,1,132,put tea
1149,1,133,put nut
1150,1,134,put vinegar
1151,1,135,put holder
1152,1,136,put pin:rolling
1153,1,137,put pie
1154,1,138,put powder
1155,1,139,put burger
1156,1,14,put fork
1157,1,140,put book
1158,1,141,put shell:egg
1159,1,142,put tongs
1160,1,143,put cream
1161,1,144,put pork
1162,1,145,put oregano
1163,1,146,put banana
1164,1,147,put processor:food
1165,1,148,put paste
1166,1,149,put recipe
1167,1,15,put bottle
1168,1,150,put liquid
1169,1,151,put choi:pak
1170,1,152,put cooker:slow
1171,1,153,put plug
1172,1,154,put utensil
1173,1,155,put noodle
1174,1,156,put salami
1175,1,158,put teapot
1176,1,159,put floor
1177,1,16,put onion
1178,1,160,put tuna
1179,1,161,put lime
1180,1,162,put omelette
1181,1,163,put bacon
1182,1,164,put sandwich
1183,1,165,put phone
1184,1,166,put thermometer
1185,1,167,put orange
1186,1,168,put basket
1187,1,169,put parsley
1188,1,17,put cloth
1189,1,170,put spinner:salad
1190,1,171,put tablet
1191,1,172,put presser
1192,1,173,put coriander
1193,1,174,put opener:bottle
1194,1,175,put cake
1195,1,176,put avocado
1196,1,177,put lentil
1197,1,178,put blueberry
1198,1,18,put board:chopping
1199,1,180,put cellar:salt
1200,1,181,put hummus
1201,1,182,put chair
1202,1,183,put juice
1203,1,184,put pancake
1204,1,185,put bean:green
1205,1,186,put toaster
1206,1,187,put apple
1207,1,188,put chocolate
1208,1,19,put bag
1209,1,192,put wine
1210,1,193,put pea
1211,1,195,put yeast
1212,1,196,put coconut
1213,1,197,put fishcakes
1214,1,198,put spinach
1215,1,199,put apron
1216,1,2,put plate
1217,1,20,put spatula
1218,1,200,put raisin
1219,1,201,put basil
1220,1,202,put grape
1221,1,203,put kale
1222,1,206,put paprika
1223,1,207,put mango
1224,1,208,put caper
1225,1,209,put drink
1226,1,21,put container
1227,1,211,put turmeric
1228,1,212,put whetstone
1229,1,213,put kiwi
1230,1,214,put bean
1231,1,215,put thyme
1232,1,216,put finger:lady
1233,1,217,put beef
1234,1,218,put whisk
1235,1,219,put blackberry
1236,1,22,put liquid:washing
1237,1,220,put slicer
1238,1,221,put control:remote
1239,1,222,put label
1240,1,223,put celery
1241,1,224,put cabbage
1242,1,225,put hoover
1243,1,226,put breadstick
1244,1,227,put roll
1245,1,228,put cocktail
1246,1,229,put crisp
1247,1,23,put box
1248,1,230,put ladder
1249,1,231,put beer
1250,1,232,put pan:dust
1251,1,233,put battery
1252,1,234,put powder:washing
1253,1,235,put backpack
1254,1,236,put cumin
1255,1,237,put cutter:pizza
1256,1,239,put pear
1257,1,24,put hob
1258,1,240,put quorn
1259,1,241,put funnel
1260,1,244,put almond
1261,1,246,put scotch:egg
1262,1,247,put shelf
1263,1,248,put straw
1264,1,249,put stand
1265,1,25,put dough
1266,1,250,put machine:sous:vide
1267,1,251,put masher
1268,1,252,put guard:hand
1269,1,254,put fruit
1270,1,256,put cork
1271,1,258,put sprout
1272,1,259,put mat:sushi
1273,1,26,put package
1274,1,261,put ring:onion
1275,1,262,put pestle
1276,1,264,put gin
1277,1,265,put bar
1278,1,266,put mint
1279,1,267,put heater
1280,1,269,put rubber
1281,1,27,put water
1282,1,272,put watch
1283,1,273,put melon
1284,1,276,put dumpling
1285,1,277,put rosemary
1286,1,279,put syrup
1287,1,28,put meat
1288,1,280,put candle
1289,1,281,put pineapple
1290,1,282,put sheets
1291,1,283,put soda
1292,1,287,put turkey
1293,1,29,put pot
1294,1,291,put pen
1295,1,293,put plum
1296,1,3,put cupboard
1297,1,30,put potato
1298,1,31,put oil
1299,1,32,put cheese
1300,1,33,put bread
1301,1,34,put food
1302,1,35,put tray
1303,1,36,put bin
1304,1,37,put pepper
1305,1,38,put salt
1306,1,39,put colander
1307,1,4,put knife
1308,1,40,put jar
1309,1,41,put carrot
1310,1,42,put top
1311,1,43,put tomato
1312,1,44,put kettle
1313,1,45,put pasta
1314,1,46,put oven
1315,1,47,put sauce
1316,1,48,put skin
1317,1,49,put paper
1318,1,5,put pan
1319,1,50,put maker:coffee
1320,1,51,put garlic
1321,1,52,put towel
1322,1,53,put egg
1323,1,54,put rubbish
1324,1,55,put rice
1325,1,56,put mushroom
1326,1,57,put chicken
1327,1,58,put cutlery
1328,1,59,put coffee
1329,1,6,put lid
1330,1,60,put glove
1331,1,61,put can
1332,1,62,put leaf
1333,1,63,put sink
1334,1,64,put milk
1335,1,66,put jug
1336,1,67,put aubergine
1337,1,68,put salad
1338,1,69,put chilli
1339,1,7,put bowl
1340,1,70,put dishwasher
1341,1,71,put mixture
1342,1,72,put cucumber
1343,1,73,put clothes
1344,1,74,put peach
1345,1,75,put flour
1346,1,76,put courgette
1347,1,77,put filter
1348,1,78,put butter
1349,1,79,put scissors
1350,1,8,put drawer
1351,1,80,put chopstick
1352,1,81,put tofu
1353,1,82,put blender
1354,1,83,put olive
1355,1,84,put mat
1356,1,85,put spice
1357,1,86,put sausage
1358,1,87,put peeler:potato
1359,1,88,put napkin
1360,1,89,put cover
1361,1,9,put sponge
1362,1,91,put pizza
1363,1,93,put towel:kitchen
1364,1,94,put vegetable
1365,1,95,put stock
1366,1,96,put grater
1367,1,97,put ladle
1368,1,98,put yoghurt
1369,1,99,put cereal
1370,20,1,empty spoon
1371,20,10,empty glass
1372,20,110,empty rack:drying
1373,20,112,empty salmon
1374,20,125,empty corn
1375,20,13,empty cup
1376,20,132,empty tea
1377,20,133,empty nut
1378,20,135,empty holder
1379,20,15,empty bottle
1380,20,150,empty liquid
1381,20,152,empty cooker:slow
1382,20,153,empty plug
1383,20,158,empty teapot
1384,20,19,empty bag
1385,20,2,empty plate
1386,20,200,empty raisin
1387,20,21,empty container
1388,20,23,empty box
1389,20,232,empty pan:dust
1390,20,25,empty dough
1391,20,26,empty package
1392,20,27,empty water
1393,20,29,empty pot
1394,20,31,empty oil
1395,20,32,empty cheese
1396,20,34,empty food
1397,20,38,empty salt
1398,20,39,empty colander
1399,20,40,empty jar
1400,20,44,empty kettle
1401,20,5,empty pan
1402,20,50,empty maker:coffee
1403,20,53,empty egg
1404,20,55,empty rice
1405,20,56,empty mushroom
1406,20,57,empty chicken
1407,20,59,empty coffee
1408,20,61,empty can
1409,20,63,empty sink
1410,20,64,empty milk
1411,20,66,empty jug
1412,20,7,empty bowl
1413,20,70,empty dishwasher
1414,20,75,empty flour
1415,20,76,empty courgette
1416,20,77,empty filter
1417,20,81,empty tofu
1418,20,85,empty spice
1419,20,89,empty cover
1420,20,94,empty vegetable
1421,21,10,press glass
1422,21,101,press broccoli
1423,21,104,press biscuit
1424,21,107,press wrap
1425,21,110,press rack:drying
1426,21,111,press alarm
1427,21,112,press salmon
1428,21,117,press leek
1429,21,121,press curry
1430,21,127,press oatmeal
1431,21,148,press paste
1432,21,15,press bottle
1433,21,16,press onion
1434,21,162,press omelette
1435,21,164,press sandwich
1436,21,167,press orange
1437,21,169,press parsley
1438,21,173,press coriander
1439,21,175,press cake
1440,21,186,press toaster
1441,21,19,press bag
1442,21,20,press spatula
1443,21,203,press kale
1444,21,21,press container
1445,21,233,press battery
1446,21,238,press air
1447,21,25,press dough
1448,21,26,press package
1449,21,28,press meat
1450,21,29,press pot
1451,21,3,press cupboard
1452,21,33,press bread
1453,21,34,press food
1454,21,35,press tray
1455,21,36,press bin
1456,21,37,press pepper
1457,21,41,press carrot
1458,21,45,press pasta
1459,21,46,press oven
1460,21,50,press maker:coffee
1461,21,51,press garlic
1462,21,54,press rubbish
1463,21,55,press rice
1464,21,57,press chicken
1465,21,6,press lid
1466,21,66,press jug
1467,21,7,press bowl
1468,21,70,press dishwasher
1469,21,71,press mixture
1470,21,8,press drawer
1471,21,80,press chopstick
1472,21,81,press tofu
1473,21,92,press button
1474,21,93,press towel:kitchen
1475,22,107,flip wrap
1476,22,108,flip scale
1477,22,119,flip fish
1478,22,12,flip fridge
1479,22,125,flip corn
1480,22,127,flip oatmeal
1481,22,139,flip burger
1482,22,140,flip book
1483,22,142,flip tongs
1484,22,144,flip pork
1485,22,149,flip recipe
1486,22,152,flip cooker:slow
1487,22,162,flip omelette
1488,22,18,flip board:chopping
1489,22,184,flip pancake
1490,22,2,flip plate
1491,22,25,flip dough
1492,22,26,flip package
1493,22,28,flip meat
1494,22,30,flip potato
1495,22,32,flip cheese
1496,22,33,flip bread
1497,22,34,flip food
1498,22,35,flip tray
1499,22,39,flip colander
1500,22,41,flip carrot
1501,22,5,flip pan
1502,22,50,flip maker:coffee
1503,22,57,flip chicken
1504,22,6,flip lid
1505,22,60,flip glove
1506,22,67,flip aubergine
1507,22,7,flip bowl
1508,22,72,flip cucumber
1509,22,81,flip tofu
1510,22,86,flip sausage
1511,22,89,flip cover
1512,22,91,flip pizza
1513,23,0,turn tap
1514,23,1,turn spoon
1515,23,10,turn glass
1516,23,119,turn fish
1517,23,125,turn corn
1518,23,13,turn cup
1519,23,136,turn pin:rolling
1520,23,142,turn tongs
1521,23,15,turn bottle
1522,23,152,turn cooker:slow
1523,23,16,turn onion
1524,23,162,turn omelette
1525,23,166,turn thermometer
1526,23,17,turn cloth
1527,23,175,turn cake
1528,23,18,turn board:chopping
1529,23,190,turn knob
1530,23,191,turn handle
1531,23,2,turn plate
1532,23,21,turn container
1533,23,24,turn hob
1534,23,240,turn quorn
1535,23,245,turn tv
1536,23,25,turn dough
1537,23,26,turn package
1538,23,261,turn ring:onion
1539,23,27,turn water
1540,23,28,turn meat
1541,23,30,turn potato
1542,23,32,turn cheese
1543,23,33,turn bread
1544,23,35,turn tray
1545,23,37,turn pepper
1546,23,4,turn knife
1547,23,40,turn jar
1548,23,44,turn kettle
1549,23,45,turn pasta
1550,23,49,turn paper
1551,23,5,turn pan
1552,23,50,turn maker:coffee
1553,23,57,turn chicken
1554,23,6,turn lid
1555,23,61,turn can
1556,23,65,turn heat
1557,23,66,turn jug
1558,23,7,turn bowl
1559,23,72,turn cucumber
1560,23,77,turn filter
1561,23,78,turn butter
1562,23,80,turn chopstick
1563,23,81,turn tofu
1564,23,82,turn blender
1565,23,84,turn mat
1566,23,86,turn sausage
1567,23,91,turn pizza
1568,23,92,turn button
1569,24,0,check tap
1570,24,10,check glass
1571,24,106,check juicer
1572,24,107,check wrap
1573,24,11,check hand
1574,24,111,check alarm
1575,24,119,check fish
1576,24,12,check fridge
1577,24,121,check curry
1578,24,124,check machine:washing
1579,24,13,check cup
1580,24,131,check ginger
1581,24,133,check nut
1582,24,137,check pie
1583,24,139,check burger
1584,24,140,check book
1585,24,144,check pork
1586,24,149,check recipe
1587,24,15,check bottle
1588,24,152,check cooker:slow
1589,24,153,check plug
1590,24,158,check teapot
1591,24,16,check onion
1592,24,160,check tuna
1593,24,165,check phone
1594,24,178,check blueberry
1595,24,18,check board:chopping
1596,24,19,check bag
1597,24,190,check knob
1598,24,2,check plate
1599,24,201,check basil
1600,24,206,check paprika
1601,24,207,check mango
1602,24,213,check kiwi
1603,24,228,check cocktail
1604,24,23,check box
1605,24,24,check hob
1606,24,25,check dough
1607,24,257,check cherry
1608,24,258,check sprout
1609,24,26,check package
1610,24,27,check water
1611,24,272,check watch
1612,24,28,check meat
1613,24,29,check pot
1614,24,3,check cupboard
1615,24,30,check potato
1616,24,31,check oil
1617,24,33,check bread
1618,24,34,check food
1619,24,4,check knife
1620,24,40,check jar
1621,24,42,check top
1622,24,44,check kettle
1623,24,46,check oven
1624,24,47,check sauce
1625,24,49,check paper
1626,24,5,check pan
1627,24,50,check maker:coffee
1628,24,52,check towel
1629,24,53,check egg
1630,24,55,check rice
1631,24,56,check mushroom
1632,24,57,check chicken
1633,24,59,check coffee
1634,24,6,check lid
1635,24,62,check leaf
1636,24,63,check sink
1637,24,64,check milk
1638,24,65,check heat
1639,24,66,check jug
1640,24,67,check aubergine
1641,24,7,check bowl
1642,24,70,check dishwasher
1643,24,71,check mixture
1644,24,72,check cucumber
1645,24,73,check clothes
1646,24,75,check flour
1647,24,78,check butter
1648,24,8,check drawer
1649,24,89,check cover
1650,24,90,check microwave
1651,24,91,check pizza
1652,25,1,scrape spoon
1653,25,101,scrape broccoli
1654,25,105,scrape lemon
1655,25,112,scrape salmon
1656,25,115,scrape spreads
1657,25,119,scrape fish
1658,25,126,scrape soup
1659,25,13,scrape cup
1660,25,143,scrape cream
1661,25,144,scrape pork
1662,25,150,scrape liquid
1663,25,16,scrape onion
1664,25,160,scrape tuna
1665,25,18,scrape board:chopping
1666,25,181,scrape hummus
1667,25,193,scrape pea
1668,25,20,scrape spatula
1669,25,25,scrape dough
1670,25,262,scrape pestle
1671,25,28,scrape meat
1672,25,29,scrape pot
1673,25,32,scrape cheese
1674,25,34,scrape food
1675,25,37,scrape pepper
1676,25,39,scrape colander
1677,25,4,scrape knife
1678,25,41,scrape carrot
1679,25,43,scrape tomato
1680,25,47,scrape sauce
1681,25,48,scrape skin
1682,25,5,scrape pan
1683,25,51,scrape garlic
1684,25,53,scrape egg
1685,25,54,scrape rubbish
1686,25,55,scrape rice
1687,25,56,scrape mushroom
1688,25,57,scrape chicken
1689,25,59,scrape coffee
1690,25,62,scrape leaf
1691,25,63,scrape sink
1692,25,64,scrape milk
1693,25,68,scrape salad
1694,25,69,scrape chilli
1695,25,7,scrape bowl
1696,25,71,scrape mixture
1697,25,75,scrape flour
1698,25,78,scrape butter
1699,25,81,scrape tofu
1700,25,85,scrape spice
1701,25,86,scrape sausage
1702,25,9,scrape sponge
1703,25,94,scrape vegetable
1704,25,95,scrape stock
1705,26,1,fill spoon
1706,26,10,fill glass
1707,26,107,fill wrap
1708,26,116,fill squash
1709,26,13,fill cup
1710,26,15,fill bottle
1711,26,150,fill liquid
1712,26,164,fill sandwich
1713,26,21,fill container
1714,26,227,fill roll
1715,26,23,fill box
1716,26,27,fill water
1717,26,29,fill pot
1718,26,33,fill bread
1719,26,35,fill tray
1720,26,36,fill bin
1721,26,40,fill jar
1722,26,44,fill kettle
1723,26,5,fill pan
1724,26,50,fill maker:coffee
1725,26,61,fill can
1726,26,66,fill jug
1727,26,7,fill bowl
1728,27,115,apply spreads
1729,27,123,apply foil
1730,27,133,apply nut
1731,27,140,apply book
1732,27,143,apply cream
1733,27,150,apply liquid
1734,27,16,apply onion
1735,27,17,apply cloth
1736,27,181,apply hummus
1737,27,2,apply plate
1738,27,201,apply basil
1739,27,22,apply liquid:washing
1740,27,25,apply dough
1741,27,27,apply water
1742,27,28,apply meat
1743,27,30,apply potato
1744,27,31,apply oil
1745,27,32,apply cheese
1746,27,33,apply bread
1747,27,38,apply salt
1748,27,43,apply tomato
1749,27,47,apply sauce
1750,27,51,apply garlic
1751,27,53,apply egg
1752,27,54,apply rubbish
1753,27,62,apply leaf
1754,27,7,apply bowl
1755,27,71,apply mixture
1756,27,73,apply clothes
1757,27,75,apply flour
1758,27,78,apply butter
1759,27,81,apply tofu
1760,27,83,apply olive
1761,27,85,apply spice
1762,27,94,apply vegetable
1763,28,100,fold wrap:plastic
1764,28,107,fold wrap
1765,28,123,fold foil
1766,28,140,fold book
1767,28,156,fold salami
1768,28,17,fold cloth
1769,28,18,fold board:chopping
1770,28,19,fold bag
1771,28,195,fold yeast
1772,28,23,fold box
1773,28,25,fold dough
1774,28,26,fold package
1775,28,265,fold bar
1776,28,32,fold cheese
1777,28,33,fold bread
1778,28,49,fold paper
1779,28,52,fold towel
1780,28,77,fold filter
1781,28,84,fold mat
1782,28,88,fold napkin
1783,28,93,fold towel:kitchen
1784,29,1,scrub spoon
1785,29,10,scrub glass
1786,29,106,scrub juicer
1787,29,109,scrub rest
1788,29,13,scrub cup
1789,29,14,scrub fork
1790,29,158,scrub teapot
1791,29,170,scrub spinner:salad
1792,29,18,scrub board:chopping
1793,29,2,scrub plate
1794,29,20,scrub spatula
1795,29,21,scrub container
1796,29,220,scrub slicer
1797,29,23,scrub box
1798,29,252,scrub guard:hand
1799,29,29,scrub pot
1800,29,35,scrub tray
1801,29,39,scrub colander
1802,29,4,scrub knife
1803,29,42,scrub top
1804,29,5,scrub pan
1805,29,50,scrub maker:coffee
1806,29,58,scrub cutlery
1807,29,6,scrub lid
1808,29,61,scrub can
1809,29,63,scrub sink
1810,29,66,scrub jug
1811,29,7,scrub bowl
1812,29,79,scrub scissors
1813,29,96,scrub grater
1814,2,0,wash tap
1815,2,1,wash spoon
1816,2,10,wash glass
1817,2,101,wash broccoli
1818,2,103,wash brush
1819,2,106,wash juicer
1820,2,109,wash rest
1821,2,11,wash hand
1822,2,110,wash rack:drying
1823,2,117,wash leek
1824,2,118,wash cap
1825,2,119,wash fish
1826,2,12,wash fridge
1827,2,120,wash lettuce
1828,2,122,wash seed
1829,2,125,wash corn
1830,2,128,wash onion:spring
1831,2,129,wash clip
1832,2,13,wash cup
1833,2,131,wash ginger
1834,2,133,wash nut
1835,2,135,wash holder
1836,2,136,wash pin:rolling
1837,2,14,wash fork
1838,2,142,wash tongs
1839,2,145,wash oregano
1840,2,147,wash processor:food
1841,2,149,wash recipe
1842,2,15,wash bottle
1843,2,150,wash liquid
1844,2,151,wash choi:pak
1845,2,153,wash plug
1846,2,154,wash utensil
1847,2,157,wash kitchen
1848,2,158,wash teapot
1849,2,159,wash floor
1850,2,16,wash onion
1851,2,161,wash lime
1852,2,166,wash thermometer
1853,2,168,wash basket
1854,2,169,wash parsley
1855,2,17,wash cloth
1856,2,170,wash spinner:salad
1857,2,172,wash presser
1858,2,173,wash coriander
1859,2,174,wash opener:bottle
1860,2,177,wash lentil
1861,2,178,wash blueberry
1862,2,18,wash board:chopping
1863,2,185,wash bean:green
1864,2,187,wash apple
1865,2,19,wash bag
1866,2,191,wash handle
1867,2,198,wash spinach
1868,2,2,wash plate
1869,2,20,wash spatula
1870,2,202,wash grape
1871,2,205,wash asparagus
1872,2,207,wash mango
1873,2,208,wash caper
1874,2,21,wash container
1875,2,212,wash whetstone
1876,2,216,wash finger:lady
1877,2,218,wash whisk
1878,2,219,wash blackberry
1879,2,22,wash liquid:washing
1880,2,220,wash slicer
1881,2,223,wash celery
1882,2,224,wash cabbage
1883,2,228,wash cocktail
1884,2,23,wash box
1885,2,237,wash cutter:pizza
1886,2,239,wash pear
1887,2,24,wash hob
1888,2,241,wash funnel
1889,2,242,wash wall
1890,2,243,wash strawberry
1891,2,247,wash shelf
1892,2,248,wash straw
1893,2,249,wash stand
1894,2,25,wash dough
1895,2,251,wash masher
1896,2,252,wash guard:hand
1897,2,253,wash shrimp
1898,2,254,wash fruit
1899,2,256,wash cork
1900,2,26,wash package
1901,2,262,wash pestle
1902,2,27,wash water
1903,2,28,wash meat
1904,2,284,wash raspberry
1905,2,29,wash pot
1906,2,3,wash cupboard
1907,2,30,wash potato
1908,2,31,wash oil
1909,2,33,wash bread
1910,2,34,wash food
1911,2,35,wash tray
1912,2,36,wash bin
1913,2,37,wash pepper
1914,2,39,wash colander
1915,2,4,wash knife
1916,2,40,wash jar
1917,2,41,wash carrot
1918,2,42,wash top
1919,2,43,wash tomato
1920,2,44,wash kettle
1921,2,46,wash oven
1922,2,47,wash sauce
1923,2,49,wash paper
1924,2,5,wash pan
1925,2,50,wash maker:coffee
1926,2,51,wash garlic
1927,2,52,wash towel
1928,2,53,wash egg
1929,2,54,wash rubbish
1930,2,55,wash rice
1931,2,56,wash mushroom
1932,2,57,wash chicken
1933,2,58,wash cutlery
1934,2,59,wash coffee
1935,2,6,wash lid
1936,2,60,wash glove
1937,2,61,wash can
1938,2,62,wash leaf
1939,2,63,wash sink
1940,2,64,wash milk
1941,2,66,wash jug
1942,2,67,wash aubergine
1943,2,68,wash salad
1944,2,69,wash chilli
1945,2,7,wash bowl
1946,2,71,wash mixture
1947,2,72,wash cucumber
1948,2,73,wash clothes
1949,2,74,wash peach
1950,2,75,wash flour
1951,2,76,wash courgette
1952,2,77,wash filter
1953,2,78,wash butter
1954,2,79,wash scissors
1955,2,80,wash chopstick
1956,2,81,wash tofu
1957,2,82,wash blender
1958,2,84,wash mat
1959,2,87,wash peeler:potato
1960,2,88,wash napkin
1961,2,89,wash cover
1962,2,9,wash sponge
1963,2,90,wash microwave
1964,2,93,wash towel:kitchen
1965,2,94,wash vegetable
1966,2,96,wash grater
1967,2,97,wash ladle
1968,30,101,break broccoli
1969,30,104,break biscuit
1970,30,112,break salmon
1971,30,119,break fish
1972,30,131,break ginger
1973,30,16,break onion
1974,30,173,break coriander
1975,30,185,break bean:green
1976,30,188,break chocolate
1977,30,189,break ice
1978,30,28,break meat
1979,30,32,break cheese
1980,30,45,break pasta
1981,30,51,break garlic
1982,30,52,break towel
1983,30,53,break egg
1984,30,55,break rice
1985,30,57,break chicken
1986,30,62,break leaf
1987,30,78,break butter
1988,30,93,break towel:kitchen
1989,30,95,break stock
1990,31,1,pull spoon
1991,31,100,pull wrap:plastic
1992,31,101,pull broccoli
1993,31,110,pull rack:drying
1994,31,123,pull foil
1995,31,13,pull cup
1996,31,141,pull shell:egg
1997,31,153,pull plug
1998,31,160,pull tuna
1999,31,17,pull cloth
2000,31,182,pull chair
2001,31,19,pull bag
2002,31,20,pull spatula
2003,31,204,pull wire
2004,31,21,pull container
2005,31,217,pull beef
2006,31,222,pull label
2007,31,23,pull box
2008,31,233,pull battery
2009,31,249,pull stand
2010,31,25,pull dough
2011,31,26,pull package
2012,31,29,pull pot
2013,31,33,pull bread
2014,31,35,pull tray
2015,31,36,pull bin
2016,31,41,pull carrot
2017,31,43,pull tomato
2018,31,46,pull oven
2019,31,49,pull paper
2020,31,5,pull pan
2021,31,50,pull maker:coffee
2022,31,51,pull garlic
2023,31,52,pull towel
2024,31,59,pull coffee
2025,31,6,pull lid
2026,31,60,pull glove
2027,31,66,pull jug
2028,31,7,pull bowl
2029,31,70,pull dishwasher
2030,31,71,pull mixture
2031,31,72,pull cucumber
2032,31,73,pull clothes
2033,31,79,pull scissors
2034,31,8,pull drawer
2035,31,86,pull sausage
2036,31,87,pull peeler:potato
2037,31,90,pull microwave
2038,31,93,pull towel:kitchen
2039,32,1,pat spoon
2040,32,10,pat glass
2041,32,103,pat brush
2042,32,11,pat hand
2043,32,119,pat fish
2044,32,12,pat fridge
2045,32,135,pat holder
2046,32,139,pat burger
2047,32,14,pat fork
2048,32,144,pat pork
2049,32,15,pat bottle
2050,32,155,pat noodle
2051,32,162,pat omelette
2052,32,20,pat spatula
2053,32,25,pat dough
2054,32,27,pat water
2055,32,28,pat meat
2056,32,32,pat cheese
2057,32,33,pat bread
2058,32,34,pat food
2059,32,35,pat tray
2060,32,39,pat colander
2061,32,4,pat knife
2062,32,51,pat garlic
2063,32,53,pat egg
2064,32,55,pat rice
2065,32,6,pat lid
2066,32,81,pat tofu
2067,32,88,pat napkin
2068,32,9,pat sponge
2069,32,96,pat grater
2070,32,97,pat ladle
2071,33,1,lift spoon
2072,33,110,lift rack:drying
2073,33,123,lift foil
2074,33,135,lift holder
2075,33,136,lift pin:rolling
2076,33,149,lift recipe
2077,33,15,lift bottle
2078,33,162,lift omelette
2079,33,166,lift thermometer
2080,33,175,lift cake
2081,33,19,lift bag
2082,33,191,lift handle
2083,33,2,lift plate
2084,33,20,lift spatula
2085,33,23,lift box
2086,33,24,lift hob
2087,33,25,lift dough
2088,33,32,lift cheese
2089,33,33,lift bread
2090,33,35,lift tray
2091,33,36,lift bin
2092,33,40,lift jar
2093,33,5,lift pan
2094,33,50,lift maker:coffee
2095,33,52,lift towel
2096,33,6,lift lid
2097,33,7,lift bowl
2098,33,70,lift dishwasher
2099,33,71,lift mixture
2100,33,80,lift chopstick
2101,33,81,lift tofu
2102,33,82,lift blender
2103,33,89,lift cover
2104,34,0,hold tap
2105,34,1,hold spoon
2106,34,10,hold glass
2107,34,106,hold juicer
2108,34,107,hold wrap
2109,34,11,hold hand
2110,34,118,hold cap
2111,34,13,hold cup
2112,34,144,hold pork
2113,34,15,hold bottle
2114,34,171,hold tablet
2115,34,172,hold presser
2116,34,19,hold bag
2117,34,191,hold handle
2118,34,2,hold plate
2119,34,23,hold box
2120,34,25,hold dough
2121,34,26,hold package
2122,34,28,hold meat
2123,34,31,hold oil
2124,34,32,hold cheese
2125,34,33,hold bread
2126,34,35,hold tray
2127,34,39,hold colander
2128,34,4,hold knife
2129,34,40,hold jar
2130,34,41,hold carrot
2131,34,43,hold tomato
2132,34,44,hold kettle
2133,34,46,hold oven
2134,34,49,hold paper
2135,34,5,hold pan
2136,34,52,hold towel
2137,34,53,hold egg
2138,34,57,hold chicken
2139,34,6,hold lid
2140,34,60,hold glove
2141,34,63,hold sink
2142,34,66,hold jug
2143,34,7,hold bowl
2144,34,72,hold cucumber
2145,34,78,hold butter
2146,34,81,hold tofu
2147,34,82,hold blender
2148,35,1,eat spoon
2149,35,101,eat broccoli
2150,35,104,eat biscuit
2151,35,107,eat wrap
2152,35,11,eat hand
2153,35,116,eat squash
2154,35,121,eat curry
2155,35,125,eat corn
2156,35,126,eat soup
2157,35,133,eat nut
2158,35,143,eat cream
2159,35,144,eat pork
2160,35,150,eat liquid
2161,35,160,eat tuna
2162,35,171,eat tablet
2163,35,185,eat bean:green
2164,35,187,eat apple
2165,35,188,eat chocolate
2166,35,193,eat pea
2167,35,227,eat roll
2168,35,246,eat scotch:egg
2169,35,257,eat cherry
2170,35,28,eat meat
2171,35,30,eat potato
2172,35,32,eat cheese
2173,35,33,eat bread
2174,35,34,eat food
2175,35,37,eat pepper
2176,35,41,eat carrot
2177,35,45,eat pasta
2178,35,54,eat rubbish
2179,35,55,eat rice
2180,35,56,eat mushroom
2181,35,68,eat salad
2182,35,71,eat mixture
2183,35,72,eat cucumber
2184,35,76,eat courgette
2185,35,81,eat tofu
2186,35,83,eat olive
2187,35,86,eat sausage
2188,36,10,wrap glass
2189,36,100,wrap wrap:plastic
2190,36,11,wrap hand
2191,36,116,wrap squash
2192,36,121,wrap curry
2193,36,123,wrap foil
2194,36,129,wrap clip
2195,36,14,wrap fork
2196,36,147,wrap processor:food
2197,36,16,wrap onion
2198,36,161,wrap lime
2199,36,162,wrap omelette
2200,36,164,wrap sandwich
2201,36,175,wrap cake
2202,36,186,wrap toaster
2203,36,19,wrap bag
2204,36,199,wrap apron
2205,36,2,wrap plate
2206,36,200,wrap raisin
2207,36,204,wrap wire
2208,36,21,wrap container
2209,36,23,wrap box
2210,36,25,wrap dough
2211,36,26,wrap package
2212,36,28,wrap meat
2213,36,29,wrap pot
2214,36,32,wrap cheese
2215,36,33,wrap bread
2216,36,34,wrap food
2217,36,35,wrap tray
2218,36,38,wrap salt
2219,36,39,wrap colander
2220,36,4,wrap knife
2221,36,42,wrap top
2222,36,45,wrap pasta
2223,36,47,wrap sauce
2224,36,5,wrap pan
2225,36,50,wrap maker:coffee
2226,36,52,wrap towel
2227,36,57,wrap chicken
2228,36,59,wrap coffee
2229,36,6,wrap lid
2230,36,61,wrap can
2231,36,64,wrap milk
2232,36,68,wrap salad
2233,36,7,wrap bowl
2234,36,73,wrap clothes
2235,36,75,wrap flour
2236,36,78,wrap butter
2237,36,82,wrap blender
2238,36,86,wrap sausage
2239,36,98,wrap yoghurt
2240,37,10,filter glass
2241,37,101,filter broccoli
2242,37,110,filter rack:drying
2243,37,116,filter squash
2244,37,125,filter corn
2245,37,13,filter cup
2246,37,150,filter liquid
2247,37,151,filter choi:pak
2248,37,169,filter parsley
2249,37,173,filter coriander
2250,37,178,filter blueberry
2251,37,18,filter board:chopping
2252,37,2,filter plate
2253,37,21,filter container
2254,37,26,filter package
2255,37,27,filter water
2256,37,29,filter pot
2257,37,30,filter potato
2258,37,31,filter oil
2259,37,32,filter cheese
2260,37,35,filter tray
2261,37,39,filter colander
2262,37,43,filter tomato
2263,37,45,filter pasta
2264,37,47,filter sauce
2265,37,5,filter pan
2266,37,50,filter maker:coffee
2267,37,55,filter rice
2268,37,56,filter mushroom
2269,37,6,filter lid
2270,37,61,filter can
2271,37,63,filter sink
2272,37,68,filter salad
2273,37,7,filter bowl
2274,37,81,filter tofu
2275,37,94,filter vegetable
2276,37,96,filter grater
2277,38,1,look spoon
2278,38,11,look hand
2279,38,111,look alarm
2280,38,12,look fridge
2281,38,13,look cup
2282,38,139,look burger
2283,38,140,look book
2284,38,144,look pork
2285,38,149,look recipe
2286,38,15,look bottle
2287,38,157,look kitchen
2288,38,159,look floor
2289,38,165,look phone
2290,38,166,look thermometer
2291,38,19,look bag
2292,38,222,look label
2293,38,224,look cabbage
2294,38,23,look box
2295,38,234,look powder:washing
2296,38,24,look hob
2297,38,25,look dough
2298,38,26,look package
2299,38,27,look water
2300,38,28,look meat
2301,38,3,look cupboard
2302,38,33,look bread
2303,38,37,look pepper
2304,38,41,look carrot
2305,38,42,look top
2306,38,44,look kettle
2307,38,46,look oven
2308,38,47,look sauce
2309,38,49,look paper
2310,38,5,look pan
2311,38,61,look can
2312,38,65,look heat
2313,38,68,look salad
2314,38,8,look drawer
2315,38,85,look spice
2316,38,9,look sponge
2317,39,100,unroll wrap:plastic
2318,39,123,unroll foil
2319,39,162,unroll omelette
2320,39,17,unroll cloth
2321,39,19,unroll bag
2322,39,25,unroll dough
2323,39,26,unroll package
2324,39,42,unroll top
2325,39,49,unroll paper
2326,39,52,unroll towel
2327,39,53,unroll egg
2328,39,60,unroll glove
2329,39,73,unroll clothes
2330,39,93,unroll towel:kitchen
2331,3,0,open tap
2332,3,1,open spoon
2333,3,100,open wrap:plastic
2334,3,102,open sugar
2335,3,104,open biscuit
2336,3,107,open wrap
2337,3,110,open rack:drying
2338,3,112,open salmon
2339,3,113,open freezer
2340,3,114,open light
2341,3,115,open spreads
2342,3,116,open squash
2343,3,117,open leek
2344,3,118,open cap
2345,3,12,open fridge
2346,3,120,open lettuce
2347,3,123,open foil
2348,3,124,open machine:washing
2349,3,125,open corn
2350,3,127,open oatmeal
2351,3,128,open onion:spring
2352,3,131,open ginger
2353,3,132,open tea
2354,3,134,open vinegar
2355,3,138,open powder
2356,3,14,open fork
2357,3,140,open book
2358,3,142,open tongs
2359,3,145,open oregano
2360,3,147,open processor:food
2361,3,148,open paste
2362,3,15,open bottle
2363,3,152,open cooker:slow
2364,3,156,open salami
2365,3,158,open teapot
2366,3,160,open tuna
2367,3,163,open bacon
2368,3,164,open sandwich
2369,3,168,open basket
2370,3,171,open tablet
2371,3,172,open presser
2372,3,175,open cake
2373,3,176,open avocado
2374,3,178,open blueberry
2375,3,179,open fan:extractor
2376,3,181,open hummus
2377,3,183,open juice
2378,3,184,open pancake
2379,3,19,open bag
2380,3,192,open wine
2381,3,193,open pea
2382,3,195,open yeast
2383,3,196,open coconut
2384,3,197,open fishcakes
2385,3,198,open spinach
2386,3,2,open plate
2387,3,200,open raisin
2388,3,202,open grape
2389,3,203,open kale
2390,3,206,open paprika
2391,3,209,open drink
2392,3,21,open container
2393,3,211,open turmeric
2394,3,215,open thyme
2395,3,219,open blackberry
2396,3,22,open liquid:washing
2397,3,227,open roll
2398,3,23,open box
2399,3,230,open ladder
2400,3,233,open battery
2401,3,235,open backpack
2402,3,24,open hob
2403,3,244,open almond
2404,3,253,open shrimp
2405,3,255,open artichoke
2406,3,26,open package
2407,3,263,open window
2408,3,277,open rosemary
2409,3,28,open meat
2410,3,284,open raspberry
2411,3,29,open pot
2412,3,295,open door:kitchen
2413,3,3,open cupboard
2414,3,30,open potato
2415,3,31,open oil
2416,3,32,open cheese
2417,3,33,open bread
2418,3,35,open tray
2419,3,36,open bin
2420,3,37,open pepper
2421,3,38,open salt
2422,3,4,open knife
2423,3,40,open jar
2424,3,41,open carrot
2425,3,42,open top
2426,3,43,open tomato
2427,3,44,open kettle
2428,3,45,open pasta
2429,3,46,open oven
2430,3,47,open sauce
2431,3,49,open paper
2432,3,5,open pan
2433,3,50,open maker:coffee
2434,3,51,open garlic
2435,3,53,open egg
2436,3,54,open rubbish
2437,3,55,open rice
2438,3,56,open mushroom
2439,3,57,open chicken
2440,3,59,open coffee
2441,3,6,open lid
2442,3,61,open can
2443,3,62,open leaf
2444,3,63,open sink
2445,3,64,open milk
2446,3,65,open heat
2447,3,66,open jug
2448,3,68,open salad
2449,3,69,open chilli
2450,3,7,open bowl
2451,3,70,open dishwasher
2452,3,71,open mixture
2453,3,72,open cucumber
2454,3,75,open flour
2455,3,76,open courgette
2456,3,77,open filter
2457,3,78,open butter
2458,3,79,open scissors
2459,3,8,open drawer
2460,3,81,open tofu
2461,3,82,open blender
2462,3,83,open olive
2463,3,84,open mat
2464,3,85,open spice
2465,3,86,open sausage
2466,3,89,open cover
2467,3,90,open microwave
2468,3,91,open pizza
2469,3,95,open stock
2470,3,98,open yoghurt
2471,3,99,open cereal
2472,40,0,sort tap
2473,40,1,sort spoon
2474,40,10,sort glass
2475,40,101,sort broccoli
2476,40,107,sort wrap
2477,40,117,sort leek
2478,40,12,sort fridge
2479,40,13,sort cup
2480,40,14,sort fork
2481,40,141,sort shell:egg
2482,40,15,sort bottle
2483,40,156,sort salami
2484,40,157,sort kitchen
2485,40,16,sort onion
2486,40,161,sort lime
2487,40,164,sort sandwich
2488,40,173,sort coriander
2489,40,176,sort avocado
2490,40,18,sort board:chopping
2491,40,185,sort bean:green
2492,40,187,sort apple
2493,40,19,sort bag
2494,40,2,sort plate
2495,40,204,sort wire
2496,40,213,sort kiwi
2497,40,23,sort box
2498,40,25,sort dough
2499,40,28,sort meat
2500,40,29,sort pot
2501,40,3,sort cupboard
2502,40,33,sort bread
2503,40,34,sort food
2504,40,35,sort tray
2505,40,36,sort bin
2506,40,37,sort pepper
2507,40,40,sort jar
2508,40,41,sort carrot
2509,40,43,sort tomato
2510,40,44,sort kettle
2511,40,49,sort paper
2512,40,5,sort pan
2513,40,50,sort maker:coffee
2514,40,51,sort garlic
2515,40,52,sort towel
2516,40,53,sort egg
2517,40,58,sort cutlery
2518,40,59,sort coffee
2519,40,60,sort glove
2520,40,62,sort leaf
2521,40,66,sort jug
2522,40,7,sort bowl
2523,40,71,sort mixture
2524,40,72,sort cucumber
2525,40,8,sort drawer
2526,40,80,sort chopstick
2527,40,81,sort tofu
2528,40,84,sort mat
2529,40,89,sort cover
2530,40,91,sort pizza
2531,41,11,hang hand
2532,41,13,hang cup
2533,41,17,hang cloth
2534,41,19,hang bag
2535,41,20,hang spatula
2536,41,29,hang pot
2537,41,52,hang towel
2538,41,60,hang glove
2539,41,73,hang clothes
2540,41,89,hang cover
2541,41,9,hang sponge
2542,42,125,sprinkle corn
2543,42,145,sprinkle oregano
2544,42,16,sprinkle onion
2545,42,160,sprinkle tuna
2546,42,163,sprinkle bacon
2547,42,173,sprinkle coriander
2548,42,196,sprinkle coconut
2549,42,201,sprinkle basil
2550,42,26,sprinkle package
2551,42,27,sprinkle water
2552,42,277,sprinkle rosemary
2553,42,31,sprinkle oil
2554,42,32,sprinkle cheese
2555,42,37,sprinkle pepper
2556,42,38,sprinkle salt
2557,42,43,sprinkle tomato
2558,42,47,sprinkle sauce
2559,42,52,sprinkle towel
2560,42,62,sprinkle leaf
2561,42,69,sprinkle chilli
2562,42,75,sprinkle flour
2563,42,83,sprinkle olive
2564,42,89,sprinkle cover
2565,42,95,sprinkle stock
2566,43,100,rip wrap:plastic
2567,43,101,rip broccoli
2568,43,123,rip foil
2569,43,144,rip pork
2570,43,146,rip banana
2571,43,163,rip bacon
2572,43,19,rip bag
2573,43,25,rip dough
2574,43,26,rip package
2575,43,28,rip meat
2576,43,48,rip skin
2577,43,49,rip paper
2578,43,9,rip sponge
2579,43,93,rip towel:kitchen
2580,44,22,spray liquid:washing
2581,44,24,spray hob
2582,44,31,spray oil
2583,44,42,spray top
2584,45,119,cook fish
2585,45,120,cook lettuce
2586,45,162,cook omelette
2587,45,163,cook bacon
2588,45,258,cook sprout
2589,45,261,cook ring:onion
2590,45,27,cook water
2591,45,28,cook meat
2592,45,31,cook oil
2593,45,33,cook bread
2594,45,34,cook food
2595,45,43,cook tomato
2596,45,44,cook kettle
2597,45,45,cook pasta
2598,45,46,cook oven
2599,45,5,cook pan
2600,45,53,cook egg
2601,45,55,cook rice
2602,45,57,cook chicken
2603,45,7,cook bowl
2604,45,71,cook mixture
2605,45,86,cook sausage
2606,45,94,cook vegetable
2607,46,111,add alarm
2608,46,115,add spreads
2609,46,125,add corn
2610,46,132,add tea
2611,46,133,add nut
2612,46,134,add vinegar
2613,46,145,add oregano
2614,46,146,add banana
2615,46,16,add onion
2616,46,215,add thyme
2617,46,22,add liquid:washing
2618,46,26,add package
2619,46,27,add water
2620,46,271,add breadcrumb
2621,46,28,add meat
2622,46,30,add potato
2623,46,31,add oil
2624,46,32,add cheese
2625,46,37,add pepper
2626,46,38,add salt
2627,46,47,add sauce
2628,46,5,add pan
2629,46,51,add garlic
2630,46,53,add egg
2631,46,57,add chicken
2632,46,66,add jug
2633,46,69,add chilli
2634,46,71,add mixture
2635,46,75,add flour
2636,46,83,add olive
2637,46,86,add sausage
2638,46,94,add vegetable
2639,46,98,add yoghurt
2640,47,100,roll wrap:plastic
2641,47,105,roll lemon
2642,47,107,roll wrap
2643,47,136,roll pin:rolling
2644,47,162,roll omelette
2645,47,175,roll cake
2646,47,19,roll bag
2647,47,25,roll dough
2648,47,26,roll package
2649,47,33,roll bread
2650,47,35,roll tray
2651,47,4,roll knife
2652,47,41,roll carrot
2653,47,53,roll egg
2654,47,7,roll bowl
2655,47,80,roll chopstick
2656,48,1,search spoon
2657,48,108,search scale
2658,48,11,search hand
2659,48,114,search light
2660,48,12,search fridge
2661,48,13,search cup
2662,48,132,search tea
2663,48,140,search book
2664,48,141,search shell:egg
2665,48,15,search bottle
2666,48,16,search onion
2667,48,18,search board:chopping
2668,48,19,search bag
2669,48,196,search coconut
2670,48,2,search plate
2671,48,206,search paprika
2672,48,21,search container
2673,48,213,search kiwi
2674,48,23,search box
2675,48,24,search hob
2676,48,26,search package
2677,48,262,search pestle
2678,48,27,search water
2679,48,3,search cupboard
2680,48,31,search oil
2681,48,38,search salt
2682,48,4,search knife
2683,48,46,search oven
2684,48,51,search garlic
2685,48,52,search towel
2686,48,55,search rice
2687,48,7,search bowl
2688,48,71,search mixture
2689,48,72,search cucumber
2690,48,75,search flour
2691,48,79,search scissors
2692,48,8,search drawer
2693,48,85,search spice
2694,48,87,search peeler:potato
2695,48,89,search cover
2696,48,94,search vegetable
2697,48,97,search ladle
2698,48,98,search yoghurt
2699,49,104,crush biscuit
2700,49,15,crush bottle
2701,49,171,crush tablet
2702,49,176,crush avocado
2703,49,19,crush bag
2704,49,23,crush box
2705,49,26,crush package
2706,49,32,crush cheese
2707,49,37,crush pepper
2708,49,38,crush salt
2709,49,5,crush pan
2710,49,50,crush maker:coffee
2711,49,51,crush garlic
2712,49,59,crush coffee
2713,49,61,crush can
2714,49,62,crush leaf
2715,49,64,crush milk
2716,49,78,crush butter
2717,49,85,crush spice
2718,49,95,crush stock
2719,4,0,close tap
2720,4,10,close glass
2721,4,100,close wrap:plastic
2722,4,102,close sugar
2723,4,107,close wrap
2724,4,108,close scale
2725,4,113,close freezer
2726,4,115,close spreads
2727,4,116,close squash
2728,4,118,close cap
2729,4,12,close fridge
2730,4,124,close machine:washing
2731,4,125,close corn
2732,4,127,close oatmeal
2733,4,129,close clip
2734,4,13,close cup
2735,4,132,close tea
2736,4,134,close vinegar
2737,4,135,close holder
2738,4,138,close powder
2739,4,139,close burger
2740,4,140,close book
2741,4,142,close tongs
2742,4,145,close oregano
2743,4,147,close processor:food
2744,4,148,close paste
2745,4,15,close bottle
2746,4,152,close cooker:slow
2747,4,153,close plug
2748,4,156,close salami
2749,4,158,close teapot
2750,4,164,close sandwich
2751,4,165,close phone
2752,4,168,close basket
2753,4,171,close tablet
2754,4,172,close presser
2755,4,178,close blueberry
2756,4,179,close fan:extractor
2757,4,181,close hummus
2758,4,183,close juice
2759,4,184,close pancake
2760,4,186,close toaster
2761,4,19,close bag
2762,4,192,close wine
2763,4,2,close plate
2764,4,206,close paprika
2765,4,209,close drink
2766,4,21,close container
2767,4,211,close turmeric
2768,4,219,close blackberry
2769,4,22,close liquid:washing
2770,4,23,close box
2771,4,230,close ladder
2772,4,24,close hob
2773,4,244,close almond
2774,4,26,close package
2775,4,277,close rosemary
2776,4,29,close pot
2777,4,295,close door:kitchen
2778,4,3,close cupboard
2779,4,31,close oil
2780,4,33,close bread
2781,4,36,close bin
2782,4,37,close pepper
2783,4,38,close salt
2784,4,40,close jar
2785,4,42,close top
2786,4,44,close kettle
2787,4,45,close pasta
2788,4,46,close oven
2789,4,47,close sauce
2790,4,49,close paper
2791,4,5,close pan
2792,4,50,close maker:coffee
2793,4,51,close garlic
2794,4,54,close rubbish
2795,4,55,close rice
2796,4,56,close mushroom
2797,4,59,close coffee
2798,4,6,close lid
2799,4,61,close can
2800,4,62,close leaf
2801,4,63,close sink
2802,4,64,close milk
2803,4,65,close heat
2804,4,66,close jug
2805,4,68,close salad
2806,4,69,close chilli
2807,4,7,close bowl
2808,4,70,close dishwasher
2809,4,75,close flour
2810,4,78,close butter
2811,4,8,close drawer
2812,4,82,close blender
2813,4,83,close olive
2814,4,84,close mat
2815,4,85,close spice
2816,4,89,close cover
2817,4,90,close microwave
2818,4,95,close stock
2819,4,98,close yoghurt
2820,4,99,close cereal
2821,50,11,stretch hand
2822,50,19,stretch bag
2823,50,25,stretch dough
2824,50,32,stretch cheese
2825,50,52,stretch towel
2826,50,6,stretch lid
2827,51,11,knead hand
2828,51,148,knead paste
2829,51,25,knead dough
2830,51,7,knead bowl
2831,52,101,divide broccoli
2832,52,119,divide fish
2833,52,128,divide onion:spring
2834,52,151,divide choi:pak
2835,52,156,divide salami
2836,52,16,divide onion
2837,52,2,divide plate
2838,52,23,divide box
2839,52,24,divide hob
2840,52,25,divide dough
2841,52,28,divide meat
2842,52,30,divide potato
2843,52,33,divide bread
2844,52,41,divide carrot
2845,52,43,divide tomato
2846,52,50,divide maker:coffee
2847,52,51,divide garlic
2848,52,60,divide glove
2849,52,72,divide cucumber
2850,52,77,divide filter
2851,52,78,divide butter
2852,52,81,divide tofu
2853,52,82,divide blender
2854,52,91,divide pizza
2855,53,108,set scale
2856,53,111,set alarm
2857,53,124,set machine:washing
2858,53,190,set knob
2859,53,24,set hob
2860,53,245,set tv
2861,53,250,set machine:sous:vide
2862,53,278,set power
2863,53,46,set oven
2864,53,65,set heat
2865,53,77,set filter
2866,53,90,set microwave
2867,54,101,feel broccoli
2868,54,12,feel fridge
2869,54,166,feel thermometer
2870,54,18,feel board:chopping
2871,54,2,feel plate
2872,54,24,feel hob
2873,54,25,feel dough
2874,54,27,feel water
2875,54,31,feel oil
2876,54,32,feel cheese
2877,54,33,feel bread
2878,54,35,feel tray
2879,54,40,feel jar
2880,54,52,feel towel
2881,54,6,feel lid
2882,54,65,feel heat
2883,54,7,feel bowl
2884,54,81,feel tofu
2885,54,93,feel towel:kitchen
2886,55,11,rub hand
2887,55,149,rub recipe
2888,55,151,rub choi:pak
2889,55,152,rub cooker:slow
2890,55,18,rub board:chopping
2891,55,20,rub spatula
2892,55,25,rub dough
2893,55,27,rub water
2894,55,292,rub face
2895,55,31,rub oil
2896,55,38,rub salt
2897,55,4,rub knife
2898,55,47,rub sauce
2899,55,5,rub pan
2900,55,6,rub lid
2901,55,62,rub leaf
2902,55,75,rub flour
2903,55,9,rub sponge
2904,55,93,rub towel:kitchen
2905,56,1,soak spoon
2906,56,10,soak glass
2907,56,106,soak juicer
2908,56,14,soak fork
2909,56,154,soak utensil
2910,56,18,soak board:chopping
2911,56,19,soak bag
2912,56,2,soak plate
2913,56,20,soak spatula
2914,56,23,soak box
2915,56,251,soak masher
2916,56,32,soak cheese
2917,56,35,soak tray
2918,56,4,soak knife
2919,56,5,soak pan
2920,56,6,soak lid
2921,56,61,soak can
2922,56,7,soak bowl
2923,56,87,soak peeler:potato
2924,56,9,soak sponge
2925,56,96,soak grater
2926,56,99,soak cereal
2927,57,103,brush brush
2928,57,11,brush hand
2929,57,159,brush floor
2930,57,172,brush presser
2931,57,25,brush dough
2932,57,29,brush pot
2933,57,31,brush oil
2934,57,4,brush knife
2935,57,51,brush garlic
2936,57,54,brush rubbish
2937,57,55,brush rice
2938,57,63,brush sink
2939,57,75,brush flour
2940,57,89,brush cover
2941,58,0,sharpen tap
2942,58,212,sharpen whetstone
2943,58,4,sharpen knife
2944,59,1,drop spoon
2945,59,101,drop broccoli
2946,59,103,drop brush
2947,59,112,drop salmon
2948,59,117,drop leek
2949,59,141,drop shell:egg
2950,59,15,drop bottle
2951,59,159,drop floor
2952,59,16,drop onion
2953,59,18,drop board:chopping
2954,59,197,drop fishcakes
2955,59,21,drop container
2956,59,227,drop roll
2957,59,25,drop dough
2958,59,252,drop guard:hand
2959,59,27,drop water
2960,59,31,drop oil
2961,59,32,drop cheese
2962,59,33,drop bread
2963,59,39,drop colander
2964,59,4,drop knife
2965,59,40,drop jar
2966,59,41,drop carrot
2967,59,49,drop paper
2968,59,5,drop pan
2969,59,50,drop maker:coffee
2970,59,53,drop egg
2971,59,54,drop rubbish
2972,59,55,drop rice
2973,59,6,drop lid
2974,59,61,drop can
2975,59,64,drop milk
2976,59,7,drop bowl
2977,59,73,drop clothes
2978,59,76,drop courgette
2979,59,88,drop napkin
2980,59,9,drop sponge
2981,59,96,drop grater
2982,5,0,insert tap
2983,5,1,insert spoon
2984,5,10,insert glass
2985,5,100,insert wrap:plastic
2986,5,101,insert broccoli
2987,5,102,insert sugar
2988,5,103,insert brush
2989,5,104,insert biscuit
2990,5,105,insert lemon
2991,5,106,insert juicer
2992,5,107,insert wrap
2993,5,108,insert scale
2994,5,109,insert rest
2995,5,11,insert hand
2996,5,110,insert rack:drying
2997,5,112,insert salmon
2998,5,113,insert freezer
2999,5,115,insert spreads
3000,5,116,insert squash
3001,5,117,insert leek
3002,5,118,insert cap
3003,5,119,insert fish
3004,5,12,insert fridge
3005,5,120,insert lettuce
3006,5,121,insert curry
3007,5,122,insert seed
3008,5,123,insert foil
3009,5,125,insert corn
3010,5,127,insert oatmeal
3011,5,128,insert onion:spring
3012,5,129,insert clip
3013,5,13,insert cup
3014,5,131,insert ginger
3015,5,132,insert tea
3016,5,133,insert nut
3017,5,134,insert vinegar
3018,5,135,insert holder
3019,5,136,insert pin:rolling
3020,5,137,insert pie
3021,5,138,insert powder
3022,5,139,insert burger
3023,5,14,insert fork
3024,5,141,insert shell:egg
3025,5,142,insert tongs
3026,5,143,insert cream
3027,5,144,insert pork
3028,5,145,insert oregano
3029,5,146,insert banana
3030,5,147,insert processor:food
3031,5,148,insert paste
3032,5,15,insert bottle
3033,5,150,insert liquid
3034,5,151,insert choi:pak
3035,5,152,insert cooker:slow
3036,5,153,insert plug
3037,5,154,insert utensil
3038,5,155,insert noodle
3039,5,156,insert salami
3040,5,158,insert teapot
3041,5,16,insert onion
3042,5,161,insert lime
3043,5,162,insert omelette
3044,5,163,insert bacon
3045,5,164,insert sandwich
3046,5,165,insert phone
3047,5,166,insert thermometer
3048,5,168,insert basket
3049,5,169,insert parsley
3050,5,17,insert cloth
3051,5,170,insert spinner:salad
3052,5,171,insert tablet
3053,5,172,insert presser
3054,5,173,insert coriander
3055,5,174,insert opener:bottle
3056,5,176,insert avocado
3057,5,178,insert blueberry
3058,5,18,insert board:chopping
3059,5,180,insert cellar:salt
3060,5,181,insert hummus
3061,5,183,insert juice
3062,5,184,insert pancake
3063,5,185,insert bean:green
3064,5,186,insert toaster
3065,5,187,insert apple
3066,5,188,insert chocolate
3067,5,189,insert ice
3068,5,19,insert bag
3069,5,193,insert pea
3070,5,195,insert yeast
3071,5,196,insert coconut
3072,5,197,insert fishcakes
3073,5,198,insert spinach
3074,5,2,insert plate
3075,5,20,insert spatula
3076,5,200,insert raisin
3077,5,202,insert grape
3078,5,203,insert kale
3079,5,204,insert wire
3080,5,205,insert asparagus
3081,5,206,insert paprika
3082,5,207,insert mango
3083,5,208,insert caper
3084,5,209,insert drink
3085,5,21,insert container
3086,5,210,insert stalk
3087,5,211,insert turmeric
3088,5,214,insert bean
3089,5,215,insert thyme
3090,5,217,insert beef
3091,5,218,insert whisk
3092,5,22,insert liquid:washing
3093,5,223,insert celery
3094,5,224,insert cabbage
3095,5,226,insert breadstick
3096,5,227,insert roll
3097,5,228,insert cocktail
3098,5,229,insert crisp
3099,5,23,insert box
3100,5,231,insert beer
3101,5,232,insert pan:dust
3102,5,233,insert battery
3103,5,234,insert powder:washing
3104,5,236,insert cumin
3105,5,237,insert cutter:pizza
3106,5,24,insert hob
3107,5,241,insert funnel
3108,5,242,insert wall
3109,5,243,insert strawberry
3110,5,247,insert shelf
3111,5,249,insert stand
3112,5,25,insert dough
3113,5,250,insert machine:sous:vide
3114,5,253,insert shrimp
3115,5,254,insert fruit
3116,5,255,insert artichoke
3117,5,257,insert cherry
3118,5,258,insert sprout
3119,5,259,insert mat:sushi
3120,5,26,insert package
3121,5,261,insert ring:onion
3122,5,265,insert bar
3123,5,266,insert mint
3124,5,268,insert grass:lemon
3125,5,269,insert rubber
3126,5,27,insert water
3127,5,271,insert breadcrumb
3128,5,274,insert cinnamon
3129,5,276,insert dumpling
3130,5,28,insert meat
3131,5,29,insert pot
3132,5,3,insert cupboard
3133,5,30,insert potato
3134,5,31,insert oil
3135,5,32,insert cheese
3136,5,33,insert bread
3137,5,34,insert food
3138,5,35,insert tray
3139,5,36,insert bin
3140,5,37,insert pepper
3141,5,38,insert salt
3142,5,39,insert colander
3143,5,4,insert knife
3144,5,40,insert jar
3145,5,41,insert carrot
3146,5,42,insert top
3147,5,43,insert tomato
3148,5,45,insert pasta
3149,5,46,insert oven
3150,5,47,insert sauce
3151,5,48,insert skin
3152,5,49,insert paper
3153,5,5,insert pan
3154,5,50,insert maker:coffee
3155,5,51,insert garlic
3156,5,52,insert towel
3157,5,53,insert egg
3158,5,54,insert rubbish
3159,5,55,insert rice
3160,5,56,insert mushroom
3161,5,57,insert chicken
3162,5,58,insert cutlery
3163,5,59,insert coffee
3164,5,6,insert lid
3165,5,60,insert glove
3166,5,61,insert can
3167,5,62,insert leaf
3168,5,63,insert sink
3169,5,64,insert milk
3170,5,66,insert jug
3171,5,67,insert aubergine
3172,5,68,insert salad
3173,5,69,insert chilli
3174,5,7,insert bowl
3175,5,70,insert dishwasher
3176,5,71,insert mixture
3177,5,72,insert cucumber
3178,5,73,insert clothes
3179,5,75,insert flour
3180,5,76,insert courgette
3181,5,77,insert filter
3182,5,78,insert butter
3183,5,79,insert scissors
3184,5,8,insert drawer
3185,5,80,insert chopstick
3186,5,81,insert tofu
3187,5,82,insert blender
3188,5,83,insert olive
3189,5,85,insert spice
3190,5,86,insert sausage
3191,5,87,insert peeler:potato
3192,5,88,insert napkin
3193,5,89,insert cover
3194,5,9,insert sponge
3195,5,90,insert microwave
3196,5,91,insert pizza
3197,5,93,insert towel:kitchen
3198,5,94,insert vegetable
3199,5,95,insert stock
3200,5,96,insert grater
3201,5,97,insert ladle
3202,5,98,insert yoghurt
3203,5,99,insert cereal
3204,60,10,drink glass
3205,60,116,drink squash
3206,60,13,drink cup
3207,60,231,drink beer
3208,60,264,drink gin
3209,60,27,drink water
3210,60,64,drink milk
3211,61,133,slide nut
3212,61,16,slide onion
3213,61,162,slide omelette
3214,61,175,slide cake
3215,61,2,slide plate
3216,61,25,slide dough
3217,61,30,slide potato
3218,61,33,slide bread
3219,61,35,slide tray
3220,61,37,slide pepper
3221,61,4,slide knife
3222,61,43,slide tomato
3223,61,44,slide kettle
3224,61,48,slide skin
3225,61,49,slide paper
3226,61,5,slide pan
3227,61,51,slide garlic
3228,61,64,slide milk
3229,61,70,slide dishwasher
3230,61,72,slide cucumber
3231,61,8,slide drawer
3232,61,80,slide chopstick
3233,62,259,water mat:sushi
3234,62,9,water sponge
3235,63,1,gather spoon
3236,63,101,gather broccoli
3237,63,119,gather fish
3238,63,122,gather seed
3239,63,125,gather corn
3240,63,169,gather parsley
3241,63,18,gather board:chopping
3242,63,22,gather liquid:washing
3243,63,224,gather cabbage
3244,63,28,gather meat
3245,63,30,gather potato
3246,63,34,gather food
3247,63,37,gather pepper
3248,63,43,gather tomato
3249,63,48,gather skin
3250,63,51,gather garlic
3251,63,53,gather egg
3252,63,54,gather rubbish
3253,63,71,gather mixture
3254,63,75,gather flour
3255,64,106,attach juicer
3256,64,110,attach rack:drying
3257,64,129,attach clip
3258,64,135,attach holder
3259,64,15,attach bottle
3260,64,152,attach cooker:slow
3261,64,153,attach plug
3262,64,158,attach teapot
3263,64,186,attach toaster
3264,64,204,attach wire
3265,64,21,attach container
3266,64,226,attach breadstick
3267,64,24,attach hob
3268,64,250,attach machine:sous:vide
3269,64,34,attach food
3270,64,35,attach tray
3271,64,4,attach knife
3272,64,44,attach kettle
3273,64,50,attach maker:coffee
3274,64,61,attach can
3275,64,79,attach scissors
3276,64,82,attach blender
3277,64,89,attach cover
3278,65,124,turn-down machine:washing
3279,65,179,turn-down fan:extractor
3280,65,190,turn-down knob
3281,65,24,turn-down hob
3282,65,46,turn-down oven
3283,65,65,turn-down heat
3284,66,11,coat hand
3285,66,23,coat box
3286,66,25,coat dough
3287,66,28,coat meat
3288,66,29,coat pot
3289,66,31,coat oil
3290,66,33,coat bread
3291,66,41,coat carrot
3292,66,9,coat sponge
3293,67,111,transition alarm
3294,67,157,transition kitchen
3295,67,159,transition floor
3296,67,182,transition chair
3297,67,23,transition box
3298,67,230,transition ladder
3299,67,42,transition top
3300,67,55,transition rice
3301,67,63,transition sink
3302,67,7,transition bowl
3303,68,199,wear apron
3304,68,60,wear glove
3305,69,122,measure seed
3306,69,131,measure ginger
3307,69,133,measure nut
3308,69,138,measure powder
3309,69,148,measure paste
3310,69,16,measure onion
3311,69,192,measure wine
3312,69,196,measure coconut
3313,69,206,measure paprika
3314,69,215,measure thyme
3315,69,25,measure dough
3316,69,27,measure water
3317,69,271,measure breadcrumb
3318,69,38,measure salt
3319,69,45,measure pasta
3320,69,47,measure sauce
3321,69,5,measure pan
3322,69,55,measure rice
3323,69,65,measure heat
3324,69,69,measure chilli
3325,69,75,measure flour
3326,69,78,measure butter
3327,69,85,measure spice
3328,6,0,turn-on tap
3329,6,108,turn-on scale
3330,6,111,turn-on alarm
3331,6,114,turn-on light
3332,6,124,turn-on machine:washing
3333,6,130,turn-on lighter
3334,6,147,turn-on processor:food
3335,6,15,turn-on bottle
3336,6,152,turn-on cooker:slow
3337,6,153,turn-on plug
3338,6,165,turn-on phone
3339,6,179,turn-on fan:extractor
3340,6,186,turn-on toaster
3341,6,190,turn-on knob
3342,6,2,turn-on plate
3343,6,22,turn-on liquid:washing
3344,6,225,turn-on hoover
3345,6,238,turn-on air
3346,6,24,turn-on hob
3347,6,245,turn-on tv
3348,6,250,turn-on machine:sous:vide
3349,6,267,turn-on heater
3350,6,27,turn-on water
3351,6,28,turn-on meat
3352,6,280,turn-on candle
3353,6,42,turn-on top
3354,6,43,turn-on tomato
3355,6,44,turn-on kettle
3356,6,46,turn-on oven
3357,6,5,turn-on pan
3358,6,50,turn-on maker:coffee
3359,6,59,turn-on coffee
3360,6,6,turn-on lid
3361,6,65,turn-on heat
3362,6,70,turn-on dishwasher
3363,6,82,turn-on blender
3364,6,90,turn-on microwave
3365,6,92,turn-on button
3366,70,0,increase tap
3367,70,24,increase hob
3368,70,27,increase water
3369,70,46,increase oven
3370,70,65,increase heat
3371,71,115,unscrew spreads
3372,71,118,unscrew cap
3373,71,15,unscrew bottle
3374,71,4,unscrew knife
3375,71,40,unscrew jar
3376,71,47,unscrew sauce
3377,71,50,unscrew maker:coffee
3378,71,6,unscrew lid
3379,71,77,unscrew filter
3380,72,16,wait onion
3381,72,27,wait water
3382,72,31,wait oil
3383,72,44,wait kettle
3384,72,46,wait oven
3385,72,5,wait pan
3386,72,55,wait rice
3387,72,59,wait coffee
3388,72,86,wait sausage
3389,72,89,wait cover
3390,72,90,wait microwave
3391,72,95,wait stock
3392,73,15,lower bottle
3393,73,191,lower handle
3394,73,24,lower hob
3395,73,5,lower pan
3396,73,6,lower lid
3397,73,65,lower heat
3398,74,100,form wrap:plastic
3399,74,106,form juicer
3400,74,139,form burger
3401,74,25,form dough
3402,74,7,form bowl
3403,74,71,form mixture
3404,75,11,smell hand
3405,75,13,smell cup
3406,75,132,smell tea
3407,75,143,smell cream
3408,75,15,smell bottle
3409,75,155,smell noodle
3410,75,181,smell hummus
3411,75,23,smell box
3412,75,25,smell dough
3413,75,27,smell water
3414,75,280,smell candle
3415,75,292,smell face
3416,75,31,smell oil
3417,75,33,smell bread
3418,75,47,smell sauce
3419,75,52,smell towel
3420,75,60,smell glove
3421,75,62,smell leaf
3422,75,71,smell mixture
3423,75,98,smell yoghurt
3424,75,99,smell cereal
3425,76,0,use tap
3426,76,1,use spoon
3427,76,165,use phone
3428,76,17,use cloth
3429,76,22,use liquid:washing
3430,76,228,use cocktail
3431,76,4,use knife
3432,76,52,use towel
3433,76,80,use chopstick
3434,76,9,use sponge
3435,77,105,grate lemon
3436,77,131,grate ginger
3437,77,32,grate cheese
3438,77,37,grate pepper
3439,77,41,grate carrot
3440,77,45,grate pasta
3441,78,118,screw cap
3442,78,15,screw bottle
3443,78,17,screw cloth
3444,78,19,screw bag
3445,78,26,screw package
3446,78,29,screw pot
3447,78,50,screw maker:coffee
3448,78,6,screw lid
3449,78,7,screw bowl
3450,78,73,screw clothes
3451,79,1,let-go spoon
3452,79,136,let-go pin:rolling
3453,79,191,let-go handle
3454,79,20,let-go spatula
3455,79,25,let-go dough
3456,79,29,let-go pot
3457,79,49,let-go paper
3458,79,5,let-go pan
3459,79,9,let-go sponge
3460,7,100,cut wrap:plastic
3461,7,101,cut broccoli
3462,7,103,cut brush
3463,7,105,cut lemon
3464,7,107,cut wrap
3465,7,116,cut squash
3466,7,117,cut leek
3467,7,119,cut fish
3468,7,120,cut lettuce
3469,7,121,cut curry
3470,7,122,cut seed
3471,7,123,cut foil
3472,7,125,cut corn
3473,7,128,cut onion:spring
3474,7,131,cut ginger
3475,7,133,cut nut
3476,7,14,cut fork
3477,7,144,cut pork
3478,7,146,cut banana
3479,7,151,cut choi:pak
3480,7,155,cut noodle
3481,7,156,cut salami
3482,7,16,cut onion
3483,7,160,cut tuna
3484,7,161,cut lime
3485,7,162,cut omelette
3486,7,163,cut bacon
3487,7,164,cut sandwich
3488,7,167,cut orange
3489,7,169,cut parsley
3490,7,171,cut tablet
3491,7,173,cut coriander
3492,7,175,cut cake
3493,7,176,cut avocado
3494,7,18,cut board:chopping
3495,7,185,cut bean:green
3496,7,187,cut apple
3497,7,188,cut chocolate
3498,7,19,cut bag
3499,7,194,cut pith
3500,7,2,cut plate
3501,7,205,cut asparagus
3502,7,207,cut mango
3503,7,208,cut caper
3504,7,21,cut container
3505,7,210,cut stalk
3506,7,213,cut kiwi
3507,7,216,cut finger:lady
3508,7,217,cut beef
3509,7,22,cut liquid:washing
3510,7,223,cut celery
3511,7,224,cut cabbage
3512,7,239,cut pear
3513,7,24,cut hob
3514,7,246,cut scotch:egg
3515,7,25,cut dough
3516,7,253,cut shrimp
3517,7,255,cut artichoke
3518,7,26,cut package
3519,7,260,cut stick:crab
3520,7,266,cut mint
3521,7,268,cut grass:lemon
3522,7,273,cut melon
3523,7,28,cut meat
3524,7,281,cut pineapple
3525,7,30,cut potato
3526,7,32,cut cheese
3527,7,33,cut bread
3528,7,37,cut pepper
3529,7,4,cut knife
3530,7,41,cut carrot
3531,7,42,cut top
3532,7,43,cut tomato
3533,7,45,cut pasta
3534,7,47,cut sauce
3535,7,48,cut skin
3536,7,49,cut paper
3537,7,51,cut garlic
3538,7,54,cut rubbish
3539,7,56,cut mushroom
3540,7,57,cut chicken
3541,7,59,cut coffee
3542,7,62,cut leaf
3543,7,67,cut aubergine
3544,7,68,cut salad
3545,7,69,cut chilli
3546,7,7,cut bowl
3547,7,72,cut cucumber
3548,7,74,cut peach
3549,7,76,cut courgette
3550,7,78,cut butter
3551,7,81,cut tofu
3552,7,83,cut olive
3553,7,86,cut sausage
3554,7,89,cut cover
3555,7,91,cut pizza
3556,7,94,cut vegetable
3557,7,95,cut stock
3558,80,12,finish fridge
3559,80,128,finish onion:spring
3560,80,147,finish processor:food
3561,80,186,finish toaster
3562,80,245,finish tv
3563,80,34,finish food
3564,80,50,finish maker:coffee
3565,80,68,finish salad
3566,80,69,finish chilli
3567,81,100,stab wrap:plastic
3568,81,11,stab hand
3569,81,175,stab cake
3570,81,28,stab meat
3571,81,30,stab potato
3572,81,33,stab bread
3573,81,53,stab egg
3574,81,63,stab sink
3575,82,104,serve biscuit
3576,82,121,serve curry
3577,82,126,serve soup
3578,82,2,serve plate
3579,82,34,serve food
3580,82,45,serve pasta
3581,82,5,serve pan
3582,82,55,serve rice
3583,82,59,serve coffee
3584,82,64,serve milk
3585,83,152,uncover cooker:slow
3586,83,29,uncover pot
3587,83,6,uncover lid
3588,83,7,uncover bowl
3589,84,100,unwrap wrap:plastic
3590,84,16,unwrap onion
3591,84,161,unwrap lime
3592,84,260,unwrap stick:crab
3593,84,68,unwrap salad
3594,84,7,unwrap bowl
3595,84,70,unwrap dishwasher
3596,84,93,unwrap towel:kitchen
3597,84,94,unwrap vegetable
3598,84,95,unwrap stock
3599,84,98,unwrap yoghurt
3600,85,124,choose machine:washing
3601,85,16,choose onion
3602,85,176,choose avocado
3603,85,239,choose pear
3604,85,278,choose power
3605,85,37,choose pepper
3606,85,46,choose oven
3607,85,51,choose garlic
3608,85,53,choose egg
3609,85,61,choose can
3610,85,62,choose leaf
3611,85,65,choose heat
3612,85,84,choose mat
3613,86,147,lock processor:food
3614,86,21,lock container
3615,86,6,lock lid
3616,86,7,lock bowl
3617,86,77,lock filter
3618,86,89,lock cover
3619,87,15,flatten bottle
3620,87,20,flatten spatula
3621,87,21,flatten container
3622,87,23,flatten box
3623,87,25,flatten dough
3624,87,42,flatten top
3625,87,49,flatten paper
3626,87,71,flatten mixture
3627,88,1,switch spoon
3628,88,19,switch bag
3629,88,25,switch dough
3630,88,29,switch pot
3631,88,3,switch cupboard
3632,88,42,switch top
3633,89,10,carry glass
3634,89,19,carry bag
3635,89,31,carry oil
3636,89,34,carry food
3637,89,64,carry milk
3638,89,66,carry jug
3639,89,7,carry bowl
3640,89,73,carry clothes
3641,8,0,turn-off tap
3642,8,108,turn-off scale
3643,8,111,turn-off alarm
3644,8,114,turn-off light
3645,8,124,turn-off machine:washing
3646,8,147,turn-off processor:food
3647,8,152,turn-off cooker:slow
3648,8,165,turn-off phone
3649,8,179,turn-off fan:extractor
3650,8,186,turn-off toaster
3651,8,190,turn-off knob
3652,8,225,turn-off hoover
3653,8,238,turn-off air
3654,8,24,turn-off hob
3655,8,267,turn-off heater
3656,8,27,turn-off water
3657,8,29,turn-off pot
3658,8,33,turn-off bread
3659,8,42,turn-off top
3660,8,44,turn-off kettle
3661,8,46,turn-off oven
3662,8,5,turn-off pan
3663,8,50,turn-off maker:coffee
3664,8,54,turn-off rubbish
3665,8,59,turn-off coffee
3666,8,6,turn-off lid
3667,8,65,turn-off heat
3668,8,70,turn-off dishwasher
3669,8,82,turn-off blender
3670,8,90,turn-off microwave
3671,8,92,turn-off button
3672,90,132,season tea
3673,90,160,season tuna
3674,90,176,season avocado
3675,90,34,season food
3676,90,45,season pasta
3677,90,54,season rubbish
3678,90,57,season chicken
3679,91,106,unlock juicer
3680,91,147,unlock processor:food
3681,91,82,unlock blender
3682,91,89,unlock cover
3683,92,123,prepare foil
3684,92,23,prepare box
3685,92,43,prepare tomato
3686,92,59,prepare coffee
3687,93,30,bake potato
3688,93,35,bake tray
3689,94,25,mark dough
3690,94,35,mark tray
3691,95,140,bend book
3692,96,125,unfreeze corn
3693,96,27,unfreeze water
3694,9,1,pour spoon
3695,9,10,pour glass
3696,9,101,pour broccoli
3697,9,102,pour sugar
3698,9,104,pour biscuit
3699,9,105,pour lemon
3700,9,115,pour spreads
3701,9,116,pour squash
3702,9,117,pour leek
3703,9,120,pour lettuce
3704,9,121,pour curry
3705,9,122,pour seed
3706,9,125,pour corn
3707,9,126,pour soup
3708,9,127,pour oatmeal
3709,9,128,pour onion:spring
3710,9,13,pour cup
3711,9,131,pour ginger
3712,9,132,pour tea
3713,9,133,pour nut
3714,9,134,pour vinegar
3715,9,138,pour powder
3716,9,143,pour cream
3717,9,145,pour oregano
3718,9,15,pour bottle
3719,9,150,pour liquid
3720,9,155,pour noodle
3721,9,16,pour onion
3722,9,162,pour omelette
3723,9,163,pour bacon
3724,9,169,pour parsley
3725,9,177,pour lentil
3726,9,178,pour blueberry
3727,9,183,pour juice
3728,9,185,pour bean:green
3729,9,188,pour chocolate
3730,9,19,pour bag
3731,9,192,pour wine
3732,9,193,pour pea
3733,9,195,pour yeast
3734,9,196,pour coconut
3735,9,197,pour fishcakes
3736,9,2,pour plate
3737,9,200,pour raisin
3738,9,203,pour kale
3739,9,206,pour paprika
3740,9,208,pour caper
3741,9,209,pour drink
3742,9,21,pour container
3743,9,214,pour bean
3744,9,215,pour thyme
3745,9,22,pour liquid:washing
3746,9,223,pour celery
3747,9,23,pour box
3748,9,231,pour beer
3749,9,232,pour pan:dust
3750,9,234,pour powder:washing
3751,9,244,pour almond
3752,9,257,pour cherry
3753,9,26,pour package
3754,9,264,pour gin
3755,9,268,pour grass:lemon
3756,9,27,pour water
3757,9,274,pour cinnamon
3758,9,279,pour syrup
3759,9,28,pour meat
3760,9,284,pour raspberry
3761,9,29,pour pot
3762,9,299,pour extract:vanilla
3763,9,30,pour potato
3764,9,31,pour oil
3765,9,32,pour cheese
3766,9,34,pour food
3767,9,35,pour tray
3768,9,36,pour bin
3769,9,37,pour pepper
3770,9,38,pour salt
3771,9,40,pour jar
3772,9,41,pour carrot
3773,9,43,pour tomato
3774,9,44,pour kettle
3775,9,45,pour pasta
3776,9,47,pour sauce
3777,9,5,pour pan
3778,9,51,pour garlic
3779,9,52,pour towel
3780,9,53,pour egg
3781,9,54,pour rubbish
3782,9,55,pour rice
3783,9,56,pour mushroom
3784,9,57,pour chicken
3785,9,59,pour coffee
3786,9,62,pour leaf
3787,9,63,pour sink
3788,9,64,pour milk
3789,9,67,pour aubergine
3790,9,68,pour salad
3791,9,69,pour chilli
3792,9,7,pour bowl
3793,9,71,pour mixture
3794,9,75,pour flour
3795,9,76,pour courgette
3796,9,78,pour butter
3797,9,81,pour tofu
3798,9,83,pour olive
3799,9,85,pour spice
3800,9,86,pour sausage
3801,9,93,pour towel:kitchen
3802,9,94,pour vegetable
3803,9,95,pour stock
3804,9,98,pour yoghurt
3805,9,99,pour cereal
